NTA Experiment Summary File,
Created with NTA 3.4 Build 3.4.003,
,
[Experiment Details],,
Software Version,NTA 3.4 Build 3.4.003,
Experiment Name,stdv34_.nano,
Operator Name,,
Time Captured,11:52:04  16/06/2020,
Sample Description,100nmbeads,
Pre-treatment,,
Diluent,PBS,
Remarks,,
,,
,,,,,
Filename:,stdv34_00,stdv34_01,stdv34_02,stdv34_03,stdv34_04,
Processed,Yes,Yes,Yes,Yes,Yes,

[Conditions],,,,,,
Temperature/C,22.000,22.000,22.000,22.000,22.000,
Viscosity/cP,0.952941,0.952941,0.952941,0.952941,0.952941,
Camera Type,sCMOS,sCMOS,sCMOS,sCMOS,sCMOS,
Laser Type,Blue488,Blue488,Blue488,Blue488,Blue488,
Camera Level,11,11,11,11,11,
Slider Shutter,890,890,890,890,890,
Slider Gain,146,146,146,146,146,
Shutter/ms,22.250000,22.250000,22.250000,22.250000,22.250000,
Camera Histogram Upper Limit,16380,16380,16380,16380,16380,
Camera Histogram Lower Limit,0,0,0,0,0,
Frame rate/fps,24.982500,24.982500,24.982500,24.982500,24.982500,
Syringe Pump Speed/AU,50,50,50,50,50,
,,,,,,
[Settings],,,,,,
Detection Threshold,5,5,5,5,5,
Max Jump Mode,Auto,Auto,Auto,Auto,Auto,
Max Jump Distance,14.7134,14.3317,14.7233,14.6632,14.8297,
Blur,Auto,Auto,Auto,Auto,Auto,
Min Track Length,Auto,Auto,Auto,Auto,Auto,
First frame,0,0,0,0,0,
Total frames analysed,499,499,499,499,499,
,,,,,,
[Exclusion Regions]
No Exclusion Regions Used,,,,,,

[Results],,,,,,Average,Standard Error,
Dilution factor (concentrations adjusted for this factor),1.00e+04,1.00e+04,1.00e+04,1.00e+04,1.00e+04,,,
Concentration (Particles / ml),5.91e+12,6.05e+12,6.01e+12,6.25e+12,6.24e+12,6.09e+12,6.67e+10,
Concentration Upgrade?,Yes,Yes,Yes,Yes,Yes,,,
Particles per frame,109.7,112.6,111.7,116.2,116.1,113.3,1.3,
Centres per frame,99.4,102.6,99.9,103.6,103.2,101.7,0.9,
Completed tracks,4677,4571,4470,4512,4655,,,
X-Drift (pix/frame),-3.8,-3.9,-4.0,-3.9,-3.9,,,
Y-Drift (pix/frame),-0.0,-0.1,-0.0,-0.0,0.0,,,
,,,,,,,,
[Concentration Warnings]
Validity of concentration measurement,OK,OK,OK,OK,OK,
Completed Tracks,OK,OK,OK,OK,OK,
Particles per frame,OK,OK,OK,OK,OK,
Noise level,No,No,No,No,No,
Brightness,OK,OK,OK,OK,OK,
Detection Threshold,OK,OK,OK,OK,OK,
Camera Histogram Lower Limit,OK,OK,OK,OK,OK,

[Information]
Completed Tracks,OK,OK,OK,OK,OK,
Concentration,OK,OK,OK,OK,OK,
Video length,OK,OK,OK,OK,OK,
Noise level,No,No,No,No,No,
Vibration detected,Moderate vibration,Minor vibration,Moderate vibration,Minor vibration,Minor vibration,
Vibration correction applied,Yes,Yes,Yes,Yes,Yes,
Settings changed?,No,No,No,No,No,
Errors (1),,,,,,
Errors (2),,,,,,

[Data Included],
Size distribution - Number weighting - With Percentiles,
,
[Size Data],,
Analysis Method,FTLA,
Weighting,Number,
Filename,stdv34_00,stdv34_01,stdv34_02,stdv34_03,stdv34_04,Average,Standard Error,
Mean,100.5,103.0,101.5,101.5,101.2,101.5,0.4,
Mode,94.9,98.2,101.8,99.3,97.9,98.4,1.1,
SD,11.0,18.5,12.0,12.0,10.5,12.8,1.5,
D10,88.1,89.2,88.1,88.1,90.1,88.7,0.4,
D50,98.6,99.7,101.0,100.2,99.6,99.8,0.4,
D90,116.7,117.8,113.4,115.0,113.6,115.3,0.9,
Valid Tracks,1872.0,1898.0,1879.0,1948.0,1929.0,,,
Graph Data,
Bin centre (nm),Concentration (particles / ml),Concentration (particles / ml),Concentration (particles / ml),Concentration (particles / ml),Concentration (particles / ml),Concentration average,Standard Error,
0.5,0,0,0,0,0,0,0,
1.5,0,0,0,0,0,0,0,
2.5,0,0,0,0,0,0,0,
3.5,0,0,0,0,0,0,0,
4.5,0,0,0,0,0,0,0,
5.5,0,0,0,0,0,0,0,
6.5,0,0,0,0,0,0,0,
7.5,0,0,0,0,0,0,0,
8.5,0,0,0,0,0,0,0,
9.5,0,0,0,0,0,0,0,
10.5,0,0,0,0,0,0,0,
11.5,0,0,0,0,0,0,0,
12.5,0,0,0,0,0,0,0,
13.5,0,0,0,0,0,0,0,
14.5,0,0,0,0,0,0,0,
15.5,0,0,0,0,0,0,0,
16.5,0,0,0,0,0,0,0,
17.5,149,0,0,0,0,30,30,
18.5,11952,0,0,0,0,2390,2390,
19.5,396157,0,0,0,0,79231,79231,
20.5,5984685,0,0,0,0,1196937,1196937,
21.5,44862773,0,0,0,0,8972555,8972555,
22.5,180157939,0,0,0,0,36031588,36031588,
23.5,415533689,0,0,0,0,83106738,83106738,
24.5,586929092,0,0,0,0,117385818,117385818,
25.5,538876078,0,0,0,0,107775216,107775216,
26.5,340152304,0,0,0,0,68030461,68030461,
27.5,155702336,0,0,0,0,31140467,31140467,
28.5,54398507,0,0,0,0,10879701,10879701,
29.5,15243284,0,0,0,0,3048657,3048657,
30.5,3595463,0,0,0,0,719093,719093,
31.5,748426,0,0,0,0,149685,149685,
32.5,143999,4,0,0,0,28801,28800,
33.5,26791,50,0,0,0,5368,5356,
34.5,5035,567,0,0,0,1121,985,
35.5,997,5198,0,3,0,1239,1008,
36.5,216,38600,0,10,0,7765,7709,
37.5,53,231524,0,29,0,46321,46301,
38.5,15,1122354,0,68,0,224487,224467,
39.5,5,4413510,0,135,0,882730,882695,
40.5,2,14169372,0,235,0,2833922,2833862,
41.5,1,37468660,0,366,0,7493805,7493714,
42.5,0,82505075,0,524,0,16501120,16500989,
43.5,0,153213345,0,702,0,30642810,30642634,
44.5,0,243362037,0,901,0,48672588,48672362,
45.5,0,335723229,0,1123,8,67144872,67144589,
46.5,0,408769023,0,1382,71,81754096,81753732,
47.5,2,446654164,0,1698,538,89331280,89330721,
48.5,3,445444275,0,2105,3302,89089937,89088584,
49.5,6,412334435,1,2650,16527,82470724,82465928,
50.5,14,360158180,2,3410,68085,72045938,72028062,
51.5,32,301581314,6,4499,233510,60363872,60304377,
52.5,80,245741309,15,6103,675509,49284603,49114350,
53.5,203,197572340,38,8522,1672184,39850658,39431746,
54.5,522,158706571,98,12250,3597127,32463314,31568482,
55.5,1340,128796603,253,18123,6833258,27129916,25451029,
56.5,3402,106612597,653,27579,11652518,23659350,20860493,
57.5,8481,90735635,1680,43131,18131482,21784082,17591158,
58.5,20662,79910453,4302,69269,26157852,21232507,15517445,
59.5,49023,73184444,10945,114155,35526330,21776979,14572087,
60.5,113081,69941331,27637,192912,46075123,23270017,14675301,
61.5,253444,69900649,69212,334073,57809120,25673300,15704433,
62.5,552149,73124712,171805,592384,70984021,29085014,17545583,
63.5,1170544,80058640,422472,1074485,86158756,33776979,20163083,
64.5,2418566,91624337,1028216,1990692,104242798,40260922,23630214,
65.5,4879257,109393212,2473351,3759542,126569382,49414949,28126106,
66.5,9629059,135873091,5868168,7217797,155023756,62722374,33913590,
67.5,18621153,174961681,13693193,14037237,192255477,82713748,41289970,
68.5,35340496,232641527,31313675,27534985,242009913,113768119,50479018,
69.5,65899556,318018425,69878990,54201526,309628070,163525313,61427294,
70.5,120825605,444832377,151458782,106462660,402786327,245273150,73549631,
71.5,217888868,633588541,317275322,207398266,532579208,381746041,85900548,
72.5,386416070,914449671,639244565,398230635,715089619,610686112,99855485,
73.5,673579848,1330979577,1233253131,749105365,973641109,992111806,129196829,
74.5,1153068678,1944704549,2269626218,1372663693,1341980755,1616408779,210223404,
75.5,1936204694,2840248655,3973194982,2437918941,1868686359,2611250726,383696827,
76.5,3184854809,4130501707,6604781854,4179315137,2623100872,4144510876,681541233,
77.5,5124289293,5960932452,10420509948,6893786021,3703022969,6420508137,1129161751,
78.5,8052550472,8511842300,15615304285,10919084609,5244152979,9668586929,1738568945,
79.5,12341243960,11997175306,22267904841,16591127958,7430814238,14125653261,2499102147,
80.5,18421631631,16658567444,30309312847,24186053448,10506649565,20016442987,3373305083,
81.5,26750405559,22753699910,39529969510,33860806141,14782795533,27535535331,4301105981,
82.5,37752389978,30538705696,49625482714,45609759880,20639575341,36833182722,5212338960,
83.5,51742900148,40245263918,60265032189,59251257365,28516392091,48004169142,6044741228,
84.5,68839753832,52053932596,71159307727,74448216239,38883938747,61077029828,6762582395,
85.5,88881935942,66066032604,82108534368,90755760621,52194006384,76001253984,7370210206,
86.5,111375861281,82276861063,93021699393,107681349704,68805930116,92632340311,7914788803,
87.5,135488576631,100553124889,103908882168,124741680500,88895275469,110717507932,8473975330,
88.5,160099176260,120617280445,114855014944,141504872863,112358676929,129887004288,9129296110,
89.5,183906646081,142041044137,125984639671,157613103888,138736207711,149656328298,9934749556,
90.5,205577982060,164249813613,137425073998,172786903214,167175736190,169443101815,10895356517,
91.5,223909384370,186539176485,149272278153,186816029145,196459383373,188599250305,11963740594,
92.5,237969372390,208104065050,161561313490,199543005607,225099783272,206455507962,13051286871,
93.5,247197135800,228080337433,174242229871,210844738833,251496203360,222372129059,14047142463,
94.5,251440729453,245597484934,187162346658,220616117539,274123459557,235788027628,14841633289,
95.5,250934023449,259839688568,200056638731,228757889040,291716299046,246260907767,15351879423,
96.5,246224208660,270110636395,212548639847,235169802376,303412502177,253493157891,15545285562,
97.5,238069752716,275895662252,224164341938,239749126407,308829091093,257341594881,15454521414,
98.5,227330680972,276913403332,234360615343,242394117959,308063430913,257812449704,15177053824,
99.5,214869702821,273148939987,242567634724,243011697337,301628506552,255045296284,14853139813,
100.5,201476161963,264861801171,248241994550,241528355766,290343969007,249290456491,14620899265,
101.5,187817528447,252565429653,250924328758,237903084963,275209142822,240883902929,14560933500,
102.5,174417103774,236979260073,250293197253,232140855928,257281612196,230222405845,14660498943,
103.5,161652767025,218959464934,246206552548,224304916800,237577857390,217740311739,14822699028,
104.5,149770034614,199418373747,238723626282,214526014536,217003857104,203888381256,14912152184,
105.5,138902930355,179244435563,228103350106,203006686462,196316121292,189114704756,14804739992,
106.5,129097435896,159233842442,214779657453,190019119643,176108598623,173847730812,14419089061,
107.5,120333944259,140041842426,199318108598,175895786744,156818518095,158481640024,13727542522,
108.5,112546704936,122157322914,182361222308,161013087312,138743957001,143364458894,12753523543,
109.5,105639485524,105899720618,164571067721,145769390735,122066982961,128789329512,11562211474,
110.5,99497516437,91433827768,146577010158,130559938806,106877849819,114989228597,10249096253,
111.5,93996271209,78796227466,128934447655,115751746646,93197396385,102135217872,8928729338,
112.5,89007848511,67926924963,112097630798,101661733791,80996197965,90338067206,7723352031,
113.5,84405749079,58700819794,96406952048,88540764628,70210036523,79652864414,6746996768,
114.5,80068750187,50955369599,82088961170,76565203121,60751891171,70086035050,6077882273,
115.5,75884419143,44512562166,69266072056,65836261605,52520973361,61604057666,5723497085,
116.5,71752605315,39194759316,57972474360,56386175115,45409428626,54143088546,5610347923,
117.5,67589027893,34834944582,48172974394,48189337862,39307283751,47618713696,5621169302,
118.5,63328852974,31282407302,39782112323,41176142350,34106105391,41935124068,5646578864,
119.5,58929951991,28405034952,32681693264,35247354804,29701705189,36993148040,5611508840,
120.5,54375382814,26089297018,26735643162,30287311913,25996110470,32696749075,5476587954,
121.5,49674566585,24238805360,21801744097,26174847128,22898934488,28957779532,5230282699,
122.5,44862673964,22772111715,17740272306,22791474995,20328228933,25698952383,4880846775,
123.5,39997895990,21620201708,14419857045,20026859814,18210877622,22855138436,4450401644,
124.5,35156545552,20723987915,11721027842,17781918630,16482583974,20373212783,3971033072,
125.5,30426275652,20031995577,9537960277,15970062992,15087505389,18210759977,3482302537,
126.5,25898045621,19498366787,7778903801,14517107494,13977587353,16334002211,3029254328,
127.5,21657738568,19081270805,6365710519,13360315022,13111644838,14715335950,2658782550,
128.5,17778461439,18741786378,5232804016,12446953630,12454228216,13330846736,2410265206,
129.5,14314499508,18443303702,4325847078,11732640467,11974298879,12158117927,2299052293,
130.5,11297649656,18151467828,3600295025,11179663338,11643732021,11174561574,2305233527,
131.5,8736268941,17834644673,3019961137,10755408491,11435669405,10356390529,2384285359,
132.5,6616931591,17464833738,2555673297,10430984133,11322773413,9678239234,2490027324,
133.5,4908187613,17018883891,2184065571,10180108229,11275495445,9113348150,2588519708,
134.5,3565644693,16479803490,1886523339,9978318225,11260572042,8634172358,2659693321,
135.5,2537499425,15837911924,1648283813,9802550030,11240093677,8213267774,2693845321,
136.5,1769723264,15091574625,1457683305,9631114616,11171622618,7824343686,2687695442,
137.5,1210319057,14247309575,1305536879,9444066228,11009902220,7443426792,2641405409,
138.5,812336944,13319149009,1184633453,9223905016,10710602122,7050125309,2556746617,
139.5,535603213,12327269496,1089329034,8956495156,10236178413,6628975062,2436356746,
140.5,347319694,11296038193,1015221645,8632021396,9563249539,6170770093,2283936319,
141.5,221809310,10251730387,958893086,8245771858,8690000490,5673641026,2105047515,
142.5,139717363,9220226935,917704553,7798540836,7641345681,5143507074,1907922499,
143.5,86948538,8224988516,889635033,7296501137,6469389859,4593492617,1703533218,
144.5,53554230,7285533492,873153184,6750494442,5247563742,4042059818,1504312557,
145.5,32709316,6416539636,867114969,6174807647,4058723596,3509979033,1321488967,
146.5,19849985,5627575838,870680717,5585610860,2979892693,3016722019,1161977607,
147.5,11993666,4923374512,883246400,4999298447,2068057873,2577194179,1026647061,
148.5,7230262,4304495486,904384925,4430981149,1351442394,2199706843,911402361,
149.5,4357895,3768212043,933794068,3893327074,828695938,1885677404,810470501,
150.5,2631605,3309463401,971248439,3395861609,475366577,1630914326,719524851,
151.5,1595379,2921753152,1016553595,2944738892,254428327,1427813869,636905956,
152.5,972859,2597916690,1069501100,2542916233,126787642,1267618905,563081447,
153.5,597827,2330721837,1129824073,2190613550,58727866,1142097031,499453483,
154.5,370835,2113299077,1197153503,1885925784,25255869,1044401014,447364291,
155.5,232561,1939418797,1270976369,1625470628,10077239,969235119,407547481,
156.5,147653,1803643363,1350597281,1404984736,3729985,912620604,379924769,
157.5,95020,1701384063,1435106040,1219817188,1281141,871536690,363614610,
158.5,62040,1628889779,1523353883,1065300447,408655,843602961,357101134,
159.5,41130,1583188099,1613941419,937002083,121210,826858788,358523856,
160.5,27703,1561992387,1705221084,830874115,33487,819629755,365990866,
161.5,18963,1563581179,1795316409,743322579,8636,820449553,377808696,
162.5,13194,1586650059,1882159476,671220066,2084,828008976,392589146,
163.5,9330,1630131462,1963546639,611881105,472,841113802,409260329,
164.5,6705,1692975294,2037211074,563016045,101,858641844,427027651,
165.5,4894,1773884039,2100909064,522674944,20,879494592,445315556,
166.5,3626,1871001323,2152515387,489189405,4,902541949,463700597,
167.5,2725,1981564322,2190121903,461117670,0,926561324,481834058,
168.5,2076,2101548675,2212132632,437196485,0,950175974,499349901,
169.5,1601,2225359109,2217348389,416302167,0,971802253,515759946,
170.5,1249,2345645788,2205034514,397422649,0,989620840,530350313,
171.5,985,2453347549,2174966316,379641828,0,1001591335,542106750,
172.5,783,2538066256,2127448497,362136983,0,1005530504,549704587,
173.5,628,2588847632,2063306828,344189128,0,999268843,551595059,
174.5,507,2595372971,1983852547,325204764,0,980886158,546200588,
175.5,412,2549455281,1890822040,304745689,0,949004684,532200653,
176.5,335,2446604080,1786296200,282561364,0,903092396,508855932,
177.5,274,2287317085,1672605223,258616497,0,843707816,476292756,
178.5,225,2077726573,1552225422,233105550,0,772611554,435663093,
179.5,184,1829313604,1427674793,206446453,0,692687007,389113561,
180.5,151,1557607699,1301413714,179248492,0,607654011,339538837,
181.5,124,1280063631,1175756273,152253922,0,521614790,290149705,
182.5,101,1013557914,1052796462,126258595,0,438522614,243937579,
183.5,82,772075889,934352032,102022401,0,361690081,203153254,
184.5,67,565107092,821927326,80183850,0,293443667,168936982,
185.5,54,397047133,716694925,61193419,0,234987106,141235260,
186.5,43,267604072,619494789,45276805,0,186475142,119073681,
187.5,34,172941726,530848556,32432860,0,147244635,101083136,
188.5,27,107151609,450986075,22463492,0,116120241,86010163,
189.5,21,63656507,379880883,15026400,0,91712762,72983312,
190.5,17,36274602,317291323,9697945,0,72652777,61518920,
191.5,13,19841060,262804194,6033516,0,57735757,51395052,
192.5,10,10426314,215878218,3615782,0,45984065,42516183,
193.5,7,5270054,175885115,2085953,0,36648226,34822576,
194.5,5,2565923,142146628,1157869,0,29174085,28247081,
195.5,4,1205458,113966430,618159,0,23158010,22703210,
196.5,3,547500,90656336,317328,0,18304233,18088321,
197.5,2,240928,71556718,156607,0,14390851,14291542,
198.5,2,102970,56051361,74299,0,11245726,11201427,
199.5,1,42856,43577287,33887,0,8730806,8711624,
200.5,0,17419,33630210,14860,0,6732498,6724429,
201.5,0,6936,25766398,6267,0,5155920,5152620,
202.5,0,2714,19601724,2542,0,3921396,3920082,
203.5,0,1048,14808641,993,0,2962136,2961626,
204.5,0,400,11111753,373,0,2222505,2222312,
205.5,0,152,8282561,135,0,1656570,1656498,
206.5,0,58,6133830,47,0,1226787,1226761,
207.5,0,22,4513941,16,0,902796,902786,
208.5,0,8,3301500,5,0,660303,660299,
209.5,0,3,2400343,2,0,480070,480068,
210.5,0,1,1735079,0,0,347016,347016,
211.5,0,0,1247175,0,0,249435,249435,
212.5,0,0,891614,0,0,178323,178323,
213.5,0,0,634087,0,0,126817,126817,
214.5,0,0,448666,0,0,89733,89733,
215.5,0,0,315924,0,0,63185,63185,
216.5,0,0,221416,0,0,44283,44283,
217.5,0,0,154484,0,0,30897,30897,
218.5,0,0,107321,0,0,21464,21464,
219.5,0,0,74251,0,0,14850,14850,
220.5,0,0,51169,0,0,10234,10234,
221.5,0,0,35130,0,0,7026,7026,
222.5,0,0,24033,0,0,4807,4807,
223.5,0,0,16385,0,0,3277,3277,
224.5,0,0,11135,0,0,2227,2227,
225.5,0,0,7544,0,0,1509,1509,
226.5,0,0,5097,0,0,1019,1019,
227.5,0,0,3434,0,0,687,687,
228.5,0,0,2308,0,0,462,462,
229.5,0,0,1547,0,0,309,309,
230.5,0,0,1035,0,0,207,207,
231.5,0,0,691,0,0,138,138,
232.5,0,0,460,0,0,92,92,
233.5,0,0,306,0,0,61,61,
234.5,0,0,203,0,0,41,41,
235.5,0,0,134,0,0,27,27,
236.5,0,0,89,0,0,18,18,
237.5,0,0,59,0,0,12,12,
238.5,0,0,39,0,0,8,8,
239.5,0,0,26,0,0,5,5,
240.5,0,0,17,0,0,3,3,
241.5,0,0,11,0,0,2,2,
242.5,0,0,7,0,0,1,1,
243.5,0,0,5,0,0,0,0,
244.5,0,0,3,0,0,0,0,
245.5,0,0,2,0,0,0,0,
246.5,0,0,1,0,0,0,0,
247.5,0,0,0,0,0,0,0,
248.5,0,1,0,0,0,0,0,
249.5,0,3,0,0,0,0,0,
250.5,0,7,0,0,0,1,1,
251.5,0,16,0,0,0,3,3,
252.5,0,38,0,0,0,8,8,
253.5,0,88,0,0,0,18,18,
254.5,0,205,0,0,0,41,41,
255.5,0,474,0,0,0,95,95,
256.5,0,1088,0,0,0,218,218,
257.5,0,2472,0,0,0,494,494,
258.5,0,5554,0,0,0,1111,1111,
259.5,0,12306,0,0,0,2461,2461,
260.5,0,26847,0,0,0,5369,5369,
261.5,0,57572,0,0,0,11514,11514,
262.5,0,121163,0,0,0,24233,24233,
263.5,0,249872,0,0,0,49974,49974,
264.5,0,504255,0,0,0,100851,100851,
265.5,0,994517,0,0,0,198903,198903,
266.5,0,1914645,0,0,0,382929,382929,
267.5,0,3594217,0,0,0,718843,718843,
268.5,0,6572421,0,0,0,1314484,1314484,
269.5,0,11696469,0,0,0,2339294,2339294,
270.5,0,20240985,0,0,0,4048197,4048197,
271.5,0,34035322,0,0,0,6807064,6807064,
272.5,0,55572053,0,0,0,11114411,11114411,
273.5,0,88054208,0,0,0,17610842,17610842,
274.5,0,135325594,0,0,0,27065119,27065119,
275.5,0,201624818,0,0,0,40324964,40324964,
276.5,0,291117338,0,0,0,58223468,58223468,
277.5,0,407196984,0,0,0,81439397,81439397,
278.5,0,551608823,0,0,0,110321765,110321765,
279.5,0,723519314,0,0,0,144703863,144703863,
280.5,0,918727577,0,0,0,183745515,183745515,
281.5,0,1129246801,0,0,0,225849360,225849360,
282.5,0,1343463123,0,0,0,268692625,268692625,
283.5,0,1546989296,0,0,0,309397859,309397859,
284.5,0,1724182847,0,0,0,344836569,344836569,
285.5,0,1860127427,0,0,0,372025485,372025485,
286.5,0,1942731620,0,0,0,388546324,388546324,
287.5,0,1964530892,0,0,0,392906178,392906178,
288.5,0,1923815034,0,0,0,384763007,384763007,
289.5,0,1824842275,0,0,0,364968455,364968455,
290.5,0,1677105189,0,0,0,335421038,335421038,
291.5,0,1493823741,0,0,0,298764748,298764748,
292.5,0,1289997760,0,0,0,257999552,257999552,
293.5,0,1080414704,0,0,0,216082941,216082941,
294.5,0,877970438,0,0,0,175594088,175594088,
295.5,0,692543948,0,0,0,138508790,138508790,
296.5,0,530514033,0,0,0,106102807,106102807,
297.5,0,394862735,0,0,0,78972547,78972547,
298.5,0,285710436,0,0,0,57142087,57142087,
299.5,0,201085478,0,0,0,40217096,40217096,
300.5,0,137742095,0,0,0,27548419,27548419,
301.5,0,91886826,0,0,0,18377365,18377365,
302.5,0,59734034,0,0,0,11946807,11946807,
303.5,0,37867435,0,0,0,7573487,7573487,
304.5,0,23425586,0,0,0,4685117,4685117,
305.5,0,14151813,0,0,0,2830363,2830363,
306.5,0,8355229,0,0,0,1671046,1671046,
307.5,0,4824672,0,0,0,964934,964934,
308.5,0,2727025,0,0,0,545405,545405,
309.5,0,1510016,0,0,0,302003,302003,
310.5,0,819811,0,0,0,163962,163962,
311.5,0,436781,0,0,0,87356,87356,
312.5,0,228570,0,0,0,45714,45714,
313.5,0,117591,0,0,0,23518,23518,
314.5,0,59529,0,0,0,11906,11906,
315.5,0,29683,0,0,0,5937,5937,
316.5,0,14592,0,0,0,2918,2918,
317.5,0,7079,0,0,0,1416,1416,
318.5,0,3392,0,0,0,678,678,
319.5,0,1607,0,0,0,321,321,
320.5,0,754,0,0,0,151,151,
321.5,0,350,0,0,0,70,70,
322.5,0,161,0,0,0,32,32,
323.5,0,74,0,0,0,15,15,
324.5,0,34,0,0,0,7,7,
325.5,0,15,0,0,0,3,3,
326.5,0,7,0,0,0,1,1,
327.5,0,3,0,0,0,0,0,
328.5,0,1,0,0,0,0,0,
329.5,0,0,0,0,0,0,0,
330.5,0,0,0,0,0,0,0,
331.5,0,0,0,0,0,0,0,
332.5,0,0,0,0,0,0,0,
333.5,0,0,0,0,0,0,0,
334.5,0,0,0,0,0,0,0,
335.5,0,0,0,0,0,0,0,
336.5,0,0,0,0,0,0,0,
337.5,0,0,0,0,0,0,0,
338.5,0,0,0,0,0,0,0,
339.5,0,0,0,0,0,0,0,
340.5,0,0,0,0,0,0,0,
341.5,0,0,0,0,0,0,0,
342.5,0,0,0,0,0,0,0,
343.5,0,0,0,0,0,0,0,
344.5,0,0,0,0,0,0,0,
345.5,0,0,0,0,0,0,0,
346.5,0,0,0,0,0,0,0,
347.5,0,0,0,0,0,0,0,
348.5,0,0,0,0,0,0,0,
349.5,0,0,0,0,0,0,0,
350.5,0,0,0,0,0,0,0,
351.5,0,0,0,0,0,0,0,
352.5,0,0,0,0,0,0,0,
353.5,0,0,0,0,0,0,0,
354.5,0,0,0,0,0,0,0,
355.5,0,0,0,0,0,0,0,
356.5,0,0,0,0,0,0,0,
357.5,0,0,0,0,0,0,0,
358.5,0,0,0,0,0,0,0,
359.5,0,0,0,0,0,0,0,
360.5,0,0,0,0,0,0,0,
361.5,0,0,0,0,0,0,0,
362.5,0,0,0,0,0,0,0,
363.5,0,0,0,0,0,0,0,
364.5,0,0,0,0,0,0,0,
365.5,0,0,0,0,0,0,0,
366.5,0,0,0,0,0,0,0,
367.5,0,0,0,0,0,0,0,
368.5,0,0,0,0,0,0,0,
369.5,0,0,0,0,0,0,0,
370.5,0,0,0,0,0,0,0,
371.5,0,0,0,0,0,0,0,
372.5,0,0,0,0,0,0,0,
373.5,0,0,0,0,0,0,0,
374.5,0,0,0,0,0,0,0,
375.5,0,0,0,0,0,0,0,
376.5,0,0,0,0,0,0,0,
377.5,0,0,0,0,0,0,0,
378.5,0,0,0,0,0,0,0,
379.5,0,0,0,0,0,0,0,
380.5,0,0,0,0,0,0,0,
381.5,0,0,0,0,0,0,0,
382.5,0,0,0,0,0,0,0,
383.5,0,0,0,0,0,0,0,
384.5,0,0,0,0,0,0,0,
385.5,0,0,0,0,0,0,0,
386.5,0,0,0,0,0,0,0,
387.5,0,0,0,0,0,0,0,
388.5,0,0,0,0,0,0,0,
389.5,0,0,0,0,0,0,0,
390.5,0,0,0,0,0,0,0,
391.5,0,0,0,0,0,0,0,
392.5,0,0,0,0,0,0,0,
393.5,0,0,0,0,0,0,0,
394.5,0,0,0,0,0,0,0,
395.5,0,0,0,0,0,0,0,
396.5,0,0,0,0,0,0,0,
397.5,0,0,0,0,0,0,0,
398.5,0,0,0,0,0,0,0,
399.5,0,0,0,0,0,0,0,
400.5,0,0,0,0,0,0,0,
401.5,0,0,0,0,0,0,0,
402.5,0,0,0,0,0,0,0,
403.5,0,0,0,0,0,0,0,
404.5,0,0,0,0,0,0,0,
405.5,0,0,0,0,0,0,0,
406.5,0,0,0,0,0,0,0,
407.5,0,0,0,0,0,0,0,
408.5,0,0,0,0,0,0,0,
409.5,0,0,0,0,0,0,0,
410.5,0,0,0,0,0,0,0,
411.5,0,0,0,0,0,0,0,
412.5,0,0,0,0,0,0,0,
413.5,0,0,0,0,0,0,0,
414.5,0,0,0,0,0,0,0,
415.5,0,0,0,0,0,0,0,
416.5,0,0,0,0,0,0,0,
417.5,0,0,0,0,0,0,0,
418.5,0,0,0,0,0,0,0,
419.5,0,0,0,0,0,0,0,
420.5,0,0,0,0,0,0,0,
421.5,0,0,0,0,0,0,0,
422.5,0,0,0,0,0,0,0,
423.5,0,0,0,0,0,0,0,
424.5,0,0,0,0,0,0,0,
425.5,0,0,0,0,0,0,0,
426.5,0,0,0,0,0,0,0,
427.5,0,0,0,0,0,0,0,
428.5,0,0,0,0,0,0,0,
429.5,0,0,0,0,0,0,0,
430.5,0,0,0,0,0,0,0,
431.5,0,0,0,0,0,0,0,
432.5,0,0,0,0,0,0,0,
433.5,0,0,0,0,0,0,0,
434.5,0,0,0,0,0,0,0,
435.5,0,0,0,0,0,0,0,
436.5,0,0,0,0,0,0,0,
437.5,0,0,0,0,0,0,0,
438.5,0,0,0,0,0,0,0,
439.5,0,0,0,0,0,0,0,
440.5,0,0,0,0,0,0,0,
441.5,0,0,0,0,0,0,0,
442.5,0,0,0,0,0,0,0,
443.5,0,0,0,0,0,0,0,
444.5,0,0,0,0,0,0,0,
445.5,0,0,0,0,0,0,0,
446.5,0,0,0,0,0,0,0,
447.5,0,0,0,0,0,0,0,
448.5,0,0,0,0,0,0,0,
449.5,0,0,0,0,0,0,0,
450.5,0,0,0,0,0,0,0,
451.5,0,0,0,0,0,0,0,
452.5,0,0,0,0,0,0,0,
453.5,0,0,0,0,0,0,0,
454.5,0,0,0,0,0,0,0,
455.5,0,0,0,0,0,0,0,
456.5,0,0,0,0,0,0,0,
457.5,0,0,0,0,0,0,0,
458.5,0,0,0,0,0,0,0,
459.5,0,0,0,0,0,0,0,
460.5,0,0,0,0,0,0,0,
461.5,0,0,0,0,0,0,0,
462.5,0,0,0,0,0,0,0,
463.5,0,0,0,0,0,0,0,
464.5,0,0,0,0,0,0,0,
465.5,0,0,0,0,0,0,0,
466.5,0,0,0,0,0,0,0,
467.5,0,0,0,0,0,0,0,
468.5,0,0,0,0,0,0,0,
469.5,0,0,0,0,0,0,0,
470.5,0,0,0,0,0,0,0,
471.5,0,0,0,0,0,0,0,
472.5,0,0,0,0,0,0,0,
473.5,0,0,0,0,0,0,0,
474.5,0,0,0,0,0,0,0,
475.5,0,0,0,0,0,0,0,
476.5,0,0,0,0,0,0,0,
477.5,0,0,0,0,0,0,0,
478.5,0,0,0,0,0,0,0,
479.5,0,0,0,0,0,0,0,
480.5,0,0,0,0,0,0,0,
481.5,0,0,0,0,0,0,0,
482.5,0,0,0,0,0,0,0,
483.5,0,0,0,0,0,0,0,
484.5,0,0,0,0,0,0,0,
485.5,0,0,0,0,0,0,0,
486.5,0,0,0,0,0,0,0,
487.5,0,0,0,0,0,0,0,
488.5,0,0,0,0,0,0,0,
489.5,0,0,0,0,0,0,0,
490.5,0,0,0,0,0,0,0,
491.5,0,0,0,0,0,0,0,
492.5,0,0,0,0,0,0,0,
493.5,0,0,0,0,0,0,0,
494.5,0,0,0,0,0,0,0,
495.5,0,0,0,0,0,0,0,
496.5,0,0,0,0,0,0,0,
497.5,0,0,0,0,0,0,0,
498.5,0,0,0,0,0,0,0,
499.5,0,0,0,0,0,0,0,
500.5,0,0,0,0,0,0,0,
501.5,0,0,0,0,0,0,0,
502.5,0,0,0,0,0,0,0,
503.5,0,0,0,0,0,0,0,
504.5,0,0,0,0,0,0,0,
505.5,0,0,0,0,0,0,0,
506.5,0,0,0,0,0,0,0,
507.5,0,0,0,0,0,0,0,
508.5,0,0,0,0,0,0,0,
509.5,0,0,0,0,0,0,0,
510.5,0,0,0,0,0,0,0,
511.5,0,0,0,0,0,0,0,
512.5,0,0,0,0,0,0,0,
513.5,0,0,0,0,0,0,0,
514.5,0,0,0,0,0,0,0,
515.5,0,0,0,0,0,0,0,
516.5,0,0,0,0,0,0,0,
517.5,0,0,0,0,0,0,0,
518.5,0,0,0,0,0,0,0,
519.5,0,0,0,0,0,0,0,
520.5,0,0,0,0,0,0,0,
521.5,0,0,0,0,0,0,0,
522.5,0,0,0,0,0,0,0,
523.5,0,0,0,0,0,0,0,
524.5,0,0,0,0,0,0,0,
525.5,0,0,0,0,0,0,0,
526.5,0,0,0,0,0,0,0,
527.5,0,0,0,0,0,0,0,
528.5,0,0,0,0,0,0,0,
529.5,0,0,0,0,0,0,0,
530.5,0,0,0,0,0,0,0,
531.5,0,0,0,0,0,0,0,
532.5,0,0,0,0,0,0,0,
533.5,0,0,0,0,0,0,0,
534.5,0,0,0,0,0,0,0,
535.5,0,0,0,0,0,0,0,
536.5,0,0,0,0,0,0,0,
537.5,0,0,0,0,0,0,0,
538.5,0,0,0,0,0,0,0,
539.5,0,0,0,0,0,0,0,
540.5,0,0,0,0,0,0,0,
541.5,0,0,0,0,0,0,0,
542.5,0,0,0,0,0,0,0,
543.5,0,0,0,0,0,0,0,
544.5,0,0,0,0,0,0,0,
545.5,0,0,0,0,0,0,0,
546.5,0,0,0,0,0,0,0,
547.5,0,0,0,0,0,0,0,
548.5,0,0,0,0,0,0,0,
549.5,0,0,0,0,0,0,0,
550.5,0,0,0,0,0,0,0,
551.5,0,0,0,0,0,0,0,
552.5,0,0,0,0,0,0,0,
553.5,0,0,0,0,0,0,0,
554.5,0,0,0,0,0,0,0,
555.5,0,0,0,0,0,0,0,
556.5,0,0,0,0,0,0,0,
557.5,0,0,0,0,0,0,0,
558.5,0,0,0,0,0,0,0,
559.5,0,0,0,0,0,0,0,
560.5,0,0,0,0,0,0,0,
561.5,0,0,0,0,0,0,0,
562.5,0,0,0,0,0,0,0,
563.5,0,0,0,0,0,0,0,
564.5,0,0,0,0,0,0,0,
565.5,0,0,0,0,0,0,0,
566.5,0,0,0,0,0,0,0,
567.5,0,0,0,0,0,0,0,
568.5,0,0,0,0,0,0,0,
569.5,0,0,0,0,0,0,0,
570.5,0,0,0,0,0,0,0,
571.5,0,0,0,0,0,0,0,
572.5,0,0,0,0,0,0,0,
573.5,0,0,0,0,0,0,0,
574.5,0,0,0,0,0,0,0,
575.5,0,0,0,0,0,0,0,
576.5,0,0,0,0,0,0,0,
577.5,0,0,0,0,0,0,0,
578.5,0,0,0,0,0,0,0,
579.5,0,0,0,0,0,0,0,
580.5,0,0,0,0,0,0,0,
581.5,0,0,0,0,0,0,0,
582.5,0,0,0,0,0,0,0,
583.5,0,0,0,0,0,0,0,
584.5,0,0,0,0,0,0,0,
585.5,0,0,0,0,0,0,0,
586.5,0,0,0,0,0,0,0,
587.5,0,0,0,0,0,0,0,
588.5,0,0,0,0,0,0,0,
589.5,0,0,0,0,0,0,0,
590.5,0,0,0,0,0,0,0,
591.5,0,0,0,0,0,0,0,
592.5,0,0,0,0,0,0,0,
593.5,0,0,0,0,0,0,0,
594.5,0,0,0,0,0,0,0,
595.5,0,0,0,0,0,0,0,
596.5,0,0,0,0,0,0,0,
597.5,0,0,0,0,0,0,0,
598.5,0,0,0,0,0,0,0,
599.5,0,0,0,0,0,0,0,
600.5,0,0,0,0,0,0,0,
601.5,0,0,0,0,0,0,0,
602.5,0,0,0,0,0,0,0,
603.5,0,0,0,0,0,0,0,
604.5,0,0,0,0,0,0,0,
605.5,0,0,0,0,0,0,0,
606.5,0,0,0,0,0,0,0,
607.5,0,0,0,0,0,0,0,
608.5,0,0,0,0,0,0,0,
609.5,0,0,0,0,0,0,0,
610.5,0,0,0,0,0,0,0,
611.5,0,0,0,0,0,0,0,
612.5,0,0,0,0,0,0,0,
613.5,0,0,0,0,0,0,0,
614.5,0,0,0,0,0,0,0,
615.5,0,0,0,0,0,0,0,
616.5,0,0,0,0,0,0,0,
617.5,0,0,0,0,0,0,0,
618.5,0,0,0,0,0,0,0,
619.5,0,0,0,0,0,0,0,
620.5,0,0,0,0,0,0,0,
621.5,0,0,0,0,0,0,0,
622.5,0,0,0,0,0,0,0,
623.5,0,0,0,0,0,0,0,
624.5,0,0,0,0,0,0,0,
625.5,0,0,0,0,0,0,0,
626.5,0,0,0,0,0,0,0,
627.5,0,0,0,0,0,0,0,
628.5,0,0,0,0,0,0,0,
629.5,0,0,0,0,0,0,0,
630.5,0,0,0,0,0,0,0,
631.5,0,0,0,0,0,0,0,
632.5,0,0,0,0,0,0,0,
633.5,0,0,0,0,0,0,0,
634.5,0,0,0,0,0,0,0,
635.5,0,0,0,0,0,0,0,
636.5,0,0,0,0,0,0,0,
637.5,0,0,0,0,0,0,0,
638.5,0,0,0,0,0,0,0,
639.5,0,0,0,0,0,0,0,
640.5,0,0,0,0,0,0,0,
641.5,0,0,0,0,0,0,0,
642.5,0,0,0,0,0,0,0,
643.5,0,0,0,0,0,0,0,
644.5,0,0,0,0,0,0,0,
645.5,0,0,0,0,0,0,0,
646.5,0,0,0,0,0,0,0,
647.5,0,0,0,0,0,0,0,
648.5,0,0,0,0,0,0,0,
649.5,0,0,0,0,0,0,0,
650.5,0,0,0,0,0,0,0,
651.5,0,0,0,0,0,0,0,
652.5,0,0,0,0,0,0,0,
653.5,0,0,0,0,0,0,0,
654.5,0,0,0,0,0,0,0,
655.5,0,0,0,0,0,0,0,
656.5,0,0,0,0,0,0,0,
657.5,0,0,0,0,0,0,0,
658.5,0,0,0,0,0,0,0,
659.5,0,0,0,0,0,0,0,
660.5,0,0,0,0,0,0,0,
661.5,0,0,0,0,0,0,0,
662.5,0,0,0,0,0,0,0,
663.5,0,0,0,0,0,0,0,
664.5,0,0,0,0,0,0,0,
665.5,0,0,0,0,0,0,0,
666.5,0,0,0,0,0,0,0,
667.5,0,0,0,0,0,0,0,
668.5,0,0,0,0,0,0,0,
669.5,0,0,0,0,0,0,0,
670.5,0,0,0,0,0,0,0,
671.5,0,0,0,0,0,0,0,
672.5,0,0,0,0,0,0,0,
673.5,0,0,0,0,0,0,0,
674.5,0,0,0,0,0,0,0,
675.5,0,0,0,0,0,0,0,
676.5,0,0,0,0,0,0,0,
677.5,0,0,0,0,0,0,0,
678.5,0,0,0,0,0,0,0,
679.5,0,0,0,0,0,0,0,
680.5,0,0,0,0,0,0,0,
681.5,0,0,0,0,0,0,0,
682.5,0,0,0,0,0,0,0,
683.5,0,0,0,0,0,0,0,
684.5,0,0,0,0,0,0,0,
685.5,0,0,0,0,0,0,0,
686.5,0,0,0,0,0,0,0,
687.5,0,0,0,0,0,0,0,
688.5,0,0,0,0,0,0,0,
689.5,0,0,0,0,0,0,0,
690.5,0,0,0,0,0,0,0,
691.5,0,0,0,0,0,0,0,
692.5,0,0,0,0,0,0,0,
693.5,0,0,0,0,0,0,0,
694.5,0,0,0,0,0,0,0,
695.5,0,0,0,0,0,0,0,
696.5,0,0,0,0,0,0,0,
697.5,0,0,0,0,0,0,0,
698.5,0,0,0,0,0,0,0,
699.5,0,0,0,0,0,0,0,
700.5,0,0,0,0,0,0,0,
701.5,0,0,0,0,0,0,0,
702.5,0,0,0,0,0,0,0,
703.5,0,0,0,0,0,0,0,
704.5,0,0,0,0,0,0,0,
705.5,0,0,0,0,0,0,0,
706.5,0,0,0,0,0,0,0,
707.5,0,0,0,0,0,0,0,
708.5,0,0,0,0,0,0,0,
709.5,0,0,0,0,0,0,0,
710.5,0,0,0,0,0,0,0,
711.5,0,0,0,0,0,0,0,
712.5,0,0,0,0,0,0,0,
713.5,0,0,0,0,0,0,0,
714.5,0,0,0,0,0,0,0,
715.5,0,0,0,0,0,0,0,
716.5,0,0,0,0,0,0,0,
717.5,0,0,0,0,0,0,0,
718.5,0,0,0,0,0,0,0,
719.5,0,0,0,0,0,0,0,
720.5,0,0,0,0,0,0,0,
721.5,0,0,0,0,0,0,0,
722.5,0,0,0,0,0,0,0,
723.5,0,0,0,0,0,0,0,
724.5,0,0,0,0,0,0,0,
725.5,0,0,0,0,0,0,0,
726.5,0,0,0,0,0,0,0,
727.5,0,0,0,0,0,0,0,
728.5,0,0,0,0,0,0,0,
729.5,0,0,0,0,0,0,0,
730.5,0,0,0,0,0,0,0,
731.5,0,0,0,0,0,0,0,
732.5,0,0,0,0,0,0,0,
733.5,0,0,0,0,0,0,0,
734.5,0,0,0,0,0,0,0,
735.5,0,0,0,0,0,0,0,
736.5,0,0,0,0,0,0,0,
737.5,0,0,0,0,0,0,0,
738.5,0,0,0,0,0,0,0,
739.5,0,0,0,0,0,0,0,
740.5,0,0,0,0,0,0,0,
741.5,0,0,0,0,0,0,0,
742.5,0,0,0,0,0,0,0,
743.5,0,0,0,0,0,0,0,
744.5,0,0,0,0,0,0,0,
745.5,0,0,0,0,0,0,0,
746.5,0,0,0,0,0,0,0,
747.5,0,0,0,0,0,0,0,
748.5,0,0,0,0,0,0,0,
749.5,0,0,0,0,0,0,0,
750.5,0,0,0,0,0,0,0,
751.5,0,0,0,0,0,0,0,
752.5,0,0,0,0,0,0,0,
753.5,0,0,0,0,0,0,0,
754.5,0,0,0,0,0,0,0,
755.5,0,0,0,0,0,0,0,
756.5,0,0,0,0,0,0,0,
757.5,0,0,0,0,0,0,0,
758.5,0,0,0,0,0,0,0,
759.5,0,0,0,0,0,0,0,
760.5,0,0,0,0,0,0,0,
761.5,0,0,0,0,0,0,0,
762.5,0,0,0,0,0,0,0,
763.5,0,0,0,0,0,0,0,
764.5,0,0,0,0,0,0,0,
765.5,0,0,0,0,0,0,0,
766.5,0,0,0,0,0,0,0,
767.5,0,0,0,0,0,0,0,
768.5,0,0,0,0,0,0,0,
769.5,0,0,0,0,0,0,0,
770.5,0,0,0,0,0,0,0,
771.5,0,0,0,0,0,0,0,
772.5,0,0,0,0,0,0,0,
773.5,0,0,0,0,0,0,0,
774.5,0,0,0,0,0,0,0,
775.5,0,0,0,0,0,0,0,
776.5,0,0,0,0,0,0,0,
777.5,0,0,0,0,0,0,0,
778.5,0,0,0,0,0,0,0,
779.5,0,0,0,0,0,0,0,
780.5,0,0,0,0,0,0,0,
781.5,0,0,0,0,0,0,0,
782.5,0,0,0,0,0,0,0,
783.5,0,0,0,0,0,0,0,
784.5,0,0,0,0,0,0,0,
785.5,0,0,0,0,0,0,0,
786.5,0,0,0,0,0,0,0,
787.5,0,0,0,0,0,0,0,
788.5,0,0,0,0,0,0,0,
789.5,0,0,0,0,0,0,0,
790.5,0,0,0,0,0,0,0,
791.5,0,0,0,0,0,0,0,
792.5,0,0,0,0,0,0,0,
793.5,0,0,0,0,0,0,0,
794.5,0,0,0,0,0,0,0,
795.5,0,0,0,0,0,0,0,
796.5,0,0,0,0,0,0,0,
797.5,0,0,0,0,0,0,0,
798.5,0,0,0,0,0,0,0,
799.5,0,0,0,0,0,0,0,
800.5,0,0,0,0,0,0,0,
801.5,0,0,0,0,0,0,0,
802.5,0,0,0,0,0,0,0,
803.5,0,0,0,0,0,0,0,
804.5,0,0,0,0,0,0,0,
805.5,0,0,0,0,0,0,0,
806.5,0,0,0,0,0,0,0,
807.5,0,0,0,0,0,0,0,
808.5,0,0,0,0,0,0,0,
809.5,0,0,0,0,0,0,0,
810.5,0,0,0,0,0,0,0,
811.5,0,0,0,0,0,0,0,
812.5,0,0,0,0,0,0,0,
813.5,0,0,0,0,0,0,0,
814.5,0,0,0,0,0,0,0,
815.5,0,0,0,0,0,0,0,
816.5,0,0,0,0,0,0,0,
817.5,0,0,0,0,0,0,0,
818.5,0,0,0,0,0,0,0,
819.5,0,0,0,0,0,0,0,
820.5,0,0,0,0,0,0,0,
821.5,0,0,0,0,0,0,0,
822.5,0,0,0,0,0,0,0,
823.5,0,0,0,0,0,0,0,
824.5,0,0,0,0,0,0,0,
825.5,0,0,0,0,0,0,0,
826.5,0,0,0,0,0,0,0,
827.5,0,0,0,0,0,0,0,
828.5,0,0,0,0,0,0,0,
829.5,0,0,0,0,0,0,0,
830.5,0,0,0,0,0,0,0,
831.5,0,0,0,0,0,0,0,
832.5,0,0,0,0,0,0,0,
833.5,0,0,0,0,0,0,0,
834.5,0,0,0,0,0,0,0,
835.5,0,0,0,0,0,0,0,
836.5,0,0,0,0,0,0,0,
837.5,0,0,0,0,0,0,0,
838.5,0,0,0,0,0,0,0,
839.5,0,0,0,0,0,0,0,
840.5,0,0,0,0,0,0,0,
841.5,0,0,0,0,0,0,0,
842.5,0,0,0,0,0,0,0,
843.5,0,0,0,0,0,0,0,
844.5,0,0,0,0,0,0,0,
845.5,0,0,0,0,0,0,0,
846.5,0,0,0,0,0,0,0,
847.5,0,0,0,0,0,0,0,
848.5,0,0,0,0,0,0,0,
849.5,0,0,0,0,0,0,0,
850.5,0,0,0,0,0,0,0,
851.5,0,0,0,0,0,0,0,
852.5,0,0,0,0,0,0,0,
853.5,0,0,0,0,0,0,0,
854.5,0,0,0,0,0,0,0,
855.5,0,0,0,0,0,0,0,
856.5,0,0,0,0,0,0,0,
857.5,0,0,0,0,0,0,0,
858.5,0,0,0,0,0,0,0,
859.5,0,0,0,0,0,0,0,
860.5,0,0,0,0,0,0,0,
861.5,0,0,0,0,0,0,0,
862.5,0,0,0,0,0,0,0,
863.5,0,0,0,0,0,0,0,
864.5,0,0,0,0,0,0,0,
865.5,0,0,0,0,0,0,0,
866.5,0,0,0,0,0,0,0,
867.5,0,0,0,0,0,0,0,
868.5,0,0,0,0,0,0,0,
869.5,0,0,0,0,0,0,0,
870.5,0,0,0,0,0,0,0,
871.5,0,0,0,0,0,0,0,
872.5,0,0,0,0,0,0,0,
873.5,0,0,0,0,0,0,0,
874.5,0,0,0,0,0,0,0,
875.5,0,0,0,0,0,0,0,
876.5,0,0,0,0,0,0,0,
877.5,0,0,0,0,0,0,0,
878.5,0,0,0,0,0,0,0,
879.5,0,0,0,0,0,0,0,
880.5,0,0,0,0,0,0,0,
881.5,0,0,0,0,0,0,0,
882.5,0,0,0,0,0,0,0,
883.5,0,0,0,0,0,0,0,
884.5,0,0,0,0,0,0,0,
885.5,0,0,0,0,0,0,0,
886.5,0,0,0,0,0,0,0,
887.5,0,0,0,0,0,0,0,
888.5,0,0,0,0,0,0,0,
889.5,0,0,0,0,0,0,0,
890.5,0,0,0,0,0,0,0,
891.5,0,0,0,0,0,0,0,
892.5,0,0,0,0,0,0,0,
893.5,0,0,0,0,0,0,0,
894.5,0,0,0,0,0,0,0,
895.5,0,0,0,0,0,0,0,
896.5,0,0,0,0,0,0,0,
897.5,0,0,0,0,0,0,0,
898.5,0,0,0,0,0,0,0,
899.5,0,0,0,0,0,0,0,
900.5,0,0,0,0,0,0,0,
901.5,0,0,0,0,0,0,0,
902.5,0,0,0,0,0,0,0,
903.5,0,0,0,0,0,0,0,
904.5,0,0,0,0,0,0,0,
905.5,0,0,0,0,0,0,0,
906.5,0,0,0,0,0,0,0,
907.5,0,0,0,0,0,0,0,
908.5,0,0,0,0,0,0,0,
909.5,0,0,0,0,0,0,0,
910.5,0,0,0,0,0,0,0,
911.5,0,0,0,0,0,0,0,
912.5,0,0,0,0,0,0,0,
913.5,0,0,0,0,0,0,0,
914.5,0,0,0,0,0,0,0,
915.5,0,0,0,0,0,0,0,
916.5,0,0,0,0,0,0,0,
917.5,0,0,0,0,0,0,0,
918.5,0,0,0,0,0,0,0,
919.5,0,0,0,0,0,0,0,
920.5,0,0,0,0,0,0,0,
921.5,0,0,0,0,0,0,0,
922.5,0,0,0,0,0,0,0,
923.5,0,0,0,0,0,0,0,
924.5,0,0,0,0,0,0,0,
925.5,0,0,0,0,0,0,0,
926.5,0,0,0,0,0,0,0,
927.5,0,0,0,0,0,0,0,
928.5,0,0,0,0,0,0,0,
929.5,0,0,0,0,0,0,0,
930.5,0,0,0,0,0,0,0,
931.5,0,0,0,0,0,0,0,
932.5,0,0,0,0,0,0,0,
933.5,0,0,0,0,0,0,0,
934.5,0,0,0,0,0,0,0,
935.5,0,0,0,0,0,0,0,
936.5,0,0,0,0,0,0,0,
937.5,0,0,0,0,0,0,0,
938.5,0,0,0,0,0,0,0,
939.5,0,0,0,0,0,0,0,
940.5,0,0,0,0,0,0,0,
941.5,0,0,0,0,0,0,0,
942.5,0,0,0,0,0,0,0,
943.5,0,0,0,0,0,0,0,
944.5,0,0,0,0,0,0,0,
945.5,0,0,0,0,0,0,0,
946.5,0,0,0,0,0,0,0,
947.5,0,0,0,0,0,0,0,
948.5,0,0,0,0,0,0,0,
949.5,0,0,0,0,0,0,0,
950.5,0,0,0,0,0,0,0,
951.5,0,0,0,0,0,0,0,
952.5,0,0,0,0,0,0,0,
953.5,0,0,0,0,0,0,0,
954.5,0,0,0,0,0,0,0,
955.5,0,0,0,0,0,0,0,
956.5,0,0,0,0,0,0,0,
957.5,0,0,0,0,0,0,0,
958.5,0,0,0,0,0,0,0,
959.5,0,0,0,0,0,0,0,
960.5,0,0,0,0,0,0,0,
961.5,0,0,0,0,0,0,0,
962.5,0,0,0,0,0,0,0,
963.5,0,0,0,0,0,0,0,
964.5,0,0,0,0,0,0,0,
965.5,0,0,0,0,0,0,0,
966.5,0,0,0,0,0,0,0,
967.5,0,0,0,0,0,0,0,
968.5,0,0,0,0,0,0,0,
969.5,0,0,0,0,0,0,0,
970.5,0,0,0,0,0,0,0,
971.5,0,0,0,0,0,0,0,
972.5,0,0,0,0,0,0,0,
973.5,0,0,0,0,0,0,0,
974.5,0,0,0,0,0,0,0,
975.5,0,0,0,0,0,0,0,
976.5,0,0,0,0,0,0,0,
977.5,0,0,0,0,0,0,0,
978.5,0,0,0,0,0,0,0,
979.5,0,0,0,0,0,0,0,
980.5,0,0,0,0,0,0,0,
981.5,0,0,0,0,0,0,0,
982.5,0,0,0,0,0,0,0,
983.5,0,0,0,0,0,0,0,
984.5,0,0,0,0,0,0,0,
985.5,0,0,0,0,0,0,0,
986.5,0,0,0,0,0,0,0,
987.5,0,0,0,0,0,0,0,
988.5,0,0,0,0,0,0,0,
989.5,0,0,0,0,0,0,0,
990.5,0,0,0,0,0,0,0,
991.5,0,0,0,0,0,0,0,
992.5,0,0,0,0,0,0,0,
993.5,0,0,0,0,0,0,0,
994.5,0,0,0,0,0,0,0,
995.5,0,0,0,0,0,0,0,
996.5,0,0,0,0,0,0,0,
997.5,0,0,0,0,0,0,0,
998.5,0,0,0,0,0,0,0,
999.5,0,0,0,0,0,0,0,

Percentile,Size (nm),Size (nm),Size (nm),Size (nm),Size (nm),
0,17.0,32.0,49.0,35.0,45.0,
1,81.2,81.0,79.8,80.8,82.5,
2,83.0,83.2,81.7,82.5,84.6,
3,84.1,84.5,82.9,83.7,85.9,
4,85.0,85.5,84.0,84.6,86.8,
5,85.6,86.4,84.8,85.3,87.6,
6,86.2,87.1,85.6,86.0,88.2,
7,86.8,87.7,86.3,86.6,88.8,
8,87.2,88.2,86.9,87.2,89.3,
9,87.7,88.7,87.5,87.7,89.7,
10,88.1,89.2,88.1,88.1,90.1,
11,88.5,89.6,88.6,88.6,90.5,
12,88.8,90.0,89.1,89.0,90.9,
13,89.2,90.4,89.6,89.4,91.2,
14,89.5,90.8,90.1,89.8,91.5,
15,89.8,91.1,90.5,90.2,91.9,
16,90.1,91.5,90.9,90.6,92.2,
17,90.4,91.8,91.3,90.9,92.4,
18,90.7,92.1,91.7,91.3,92.7,
19,91.0,92.4,92.1,91.6,93.0,
20,91.3,92.7,92.5,91.9,93.2,
21,91.5,93.0,92.9,92.2,93.5,
22,91.8,93.2,93.2,92.6,93.7,
23,92.0,93.5,93.6,92.9,94.0,
24,92.3,93.8,93.9,93.2,94.2,
25,92.5,94.0,94.2,93.5,94.4,
26,92.8,94.3,94.6,93.8,94.7,
27,93.0,94.5,94.9,94.1,94.9,
28,93.3,94.8,95.2,94.3,95.1,
29,93.5,95.0,95.5,94.6,95.3,
30,93.7,95.2,95.8,94.9,95.5,
31,94.0,95.5,96.1,95.2,95.8,
32,94.2,95.7,96.4,95.5,96.0,
33,94.5,95.9,96.7,95.7,96.2,
34,94.7,96.2,96.9,96.0,96.4,
35,94.9,96.4,97.2,96.3,96.6,
36,95.2,96.6,97.5,96.5,96.8,
37,95.4,96.8,97.7,96.8,97.0,
38,95.6,97.1,98.0,97.1,97.2,
39,95.9,97.3,98.3,97.3,97.4,
40,96.1,97.5,98.5,97.6,97.6,
41,96.3,97.7,98.8,97.8,97.8,
42,96.6,97.9,99.0,98.1,98.0,
43,96.8,98.2,99.3,98.4,98.2,
44,97.1,98.4,99.5,98.6,98.4,
45,97.3,98.6,99.8,98.9,98.6,
46,97.6,98.8,100.0,99.1,98.8,
47,97.8,99.0,100.3,99.4,99.0,
48,98.1,99.3,100.5,99.7,99.2,
49,98.3,99.5,100.8,99.9,99.4,
50,98.6,99.7,101.0,100.2,99.6,
51,98.8,99.9,101.2,100.4,99.8,
52,99.1,100.1,101.5,100.7,100.1,
53,99.4,100.4,101.7,100.9,100.3,
54,99.7,100.6,102.0,101.2,100.5,
55,99.9,100.8,102.2,101.5,100.7,
56,100.2,101.1,102.4,101.7,100.9,
57,100.5,101.3,102.7,102.0,101.1,
58,100.8,101.5,102.9,102.3,101.4,
59,101.1,101.8,103.2,102.5,101.6,
60,101.4,102.0,103.4,102.8,101.8,
61,101.7,102.3,103.6,103.1,102.0,
62,102.1,102.5,103.9,103.3,102.3,
63,102.4,102.8,104.1,103.6,102.5,
64,102.7,103.0,104.4,103.9,102.8,
65,103.1,103.3,104.6,104.2,103.0,
66,103.4,103.6,104.9,104.5,103.3,
67,103.8,103.9,105.2,104.8,103.5,
68,104.2,104.2,105.4,105.1,103.8,
69,104.6,104.5,105.7,105.4,104.1,
70,105.0,104.8,105.9,105.7,104.4,
71,105.4,105.1,106.2,106.0,104.7,
72,105.8,105.4,106.5,106.3,104.9,
73,106.3,105.8,106.8,106.6,105.3,
74,106.7,106.1,107.1,107.0,105.6,
75,107.2,106.5,107.4,107.3,105.9,
76,107.7,106.9,107.7,107.7,106.2,
77,108.2,107.3,108.0,108.0,106.6,
78,108.7,107.7,108.3,108.4,106.9,
79,109.3,108.2,108.6,108.8,107.3,
80,109.8,108.7,109.0,109.2,107.7,
81,110.4,109.2,109.3,109.7,108.1,
82,111.0,109.8,109.7,110.1,108.6,
83,111.6,110.4,110.1,110.6,109.0,
84,112.3,111.1,110.5,111.1,109.6,
85,112.9,111.8,110.9,111.6,110.1,
86,113.6,112.7,111.3,112.2,110.7,
87,114.3,113.7,111.8,112.8,111.3,
88,115.1,114.8,112.3,113.4,112.0,
89,115.9,116.2,112.8,114.2,112.7,
90,116.7,117.8,113.4,115.0,113.6,
91,117.5,119.8,114.1,115.9,114.5,
92,118.4,122.2,114.8,117.0,115.6,
93,119.4,124.9,115.6,118.4,117.0,
94,120.4,128.0,116.6,120.1,118.6,
95,121.6,131.3,117.7,122.4,120.8,
96,122.8,134.9,119.3,125.7,123.7,
97,124.3,139.0,121.4,130.4,127.9,
98,126.2,145.2,125.4,136.5,133.2,
99,128.9,168.7,151.2,143.8,138.8,
100,200.0,329.0,247.0,210.0,167.0,
,,,,,,
