NTA Experiment Summary File,,,,,,,,,,,,,,
Created with NTA 3.2 Dev Build 3.2.16,,,,,,,,,,,,,,
,,,,,,,,,,,,,,
[Experiment Details],,,,,,,,,,,,,,
Software Version,Unknown,,,,,,,,,,,,,
Experiment Name,std_combined.nano,,,,,,,,,,,,,
Sample Name,,,,,,,,,,,,,,
Operator Name,,,,,,,,,,,,,,
Time Captured,,,,,,,,,,,,,,
Pre-treatment,,,,,,,,,,,,,,
Diluent,,,,,,,,,,,,,,
Remarks,"Created from combined experiments: std_10000_yes_2_.nano, std_10000_no_2_.nano, std_10000_yes_1_.nano, std_10000_no_1_.nano",,,,,,,,,,,,,
,,,,,,,,,,,,,,
Filename:,std_10000_yes_2_00,std_10000_yes_2_01,std_10000_yes_2_02,std_10000_no_2_00,std_10000_no_2_01,std_10000_no_2_02,std_10000_yes_1_00,std_10000_yes_1_01,std_10000_yes_1_02,std_10000_no_1_00,std_10000_no_1_01,std_10000_no_1_02,,
,,,,,,,,,,,,,,
[Conditions],,,,,,,,,,,,,,
Temperature/C,22.348,22.368,22.387,22.154,22.169,22.212,21.974,21.996,22.018,21.666,21.687,21.677,,
Viscosity/cP,0.945113,0.944667,0.944243,0.949464,0.949127,0.94816,0.95353,0.953032,0.952534,0.960552,0.96007,0.960299,,
Camera Type,sCMOS,sCMOS,sCMOS,sCMOS,sCMOS,sCMOS,sCMOS,sCMOS,sCMOS,sCMOS,sCMOS,sCMOS,,
Laser Type,Blue488,Blue488,Blue488,Blue488,Blue488,Blue488,Blue488,Blue488,Blue488,Blue488,Blue488,Blue488,,
Camera Level,15,15,15,10,10,10,15,15,15,10,10,10,,
Slider Shutter,1206,1206,1206,696,696,696,1206,1206,1206,696,696,696,,
Slider Gain,366,366,366,73,73,73,366,366,366,73,73,73,,
Shutter/ms,30.15,30.15,30.15,17.4,17.4,17.4,30.15,30.15,30.15,17.4,17.4,17.4,,
Camera Histogram Upper Limit,3294,3294,3294,16380,16380,16380,3294,3294,3294,16380,16380,16380,,
Camera Histogram Lower Limit,0,0,0,0,0,0,0,0,0,0,0,0,,
Frame rate/fps,24.9825,24.9825,24.9825,24.9825,24.9825,24.9825,24.9825,24.9825,24.9825,24.9825,24.9825,24.9825,,
Syringe Pump Speed/AU,50,50,50,50,50,50,50,50,50,50,50,50,,
,,,,,,,,,,,,,,
[Settings],,,,,,,,,,,,,,
Detection Threshold,8,8,8,8,8,8,8,8,8,8,8,8,,
Max Jump Mode,Auto,Auto,Auto,Auto,Auto,Auto,Auto,Auto,Auto,Auto,Auto,Auto,,
Max Jump Distance,14.0636,14.4071,14.3124,15.3015,15.4343,15.4291,13.6445,13.7342,13.8443,15.3183,15.2525,15.2189,,
Blur,Auto,Auto,Auto,Auto,Auto,Auto,Auto,Auto,Auto,Auto,Auto,Auto,,
Min Track Length,Auto,Auto,Auto,Auto,Auto,Auto,Auto,Auto,Auto,Auto,Auto,Auto,,
First frame,0,0,0,0,0,0,0,0,0,0,0,0,,
Total frames analysed,749,749,749,749,749,749,749,749,749,749,749,749,,
,,,,,,,,,,,,,,
[Exclusion Regions],,,,,,,,,,,,,,
No Exclusion Regions Used,,,,,,,,,,,,,,
,,,,,,,,,,,,,,
[Results],,,,,,,,,,,,,Average,Standard Error
Dilution factor (concentrations adjusted for this factor),Not recorded,Not recorded,Not recorded,Not recorded,Not recorded,Not recorded,Not recorded,Not recorded,Not recorded,Not recorded,Not recorded,Not recorded,,
Concentration (Particles / ml),1430000000,1280000000,1180000000,2510000000,1800000000,1520000000,1300000000,1360000000,1180000000,1460000000,1400000000,1180000000,1470000000,107000000
Concentration Upgrade?,Yes,Yes,Yes,Yes,Yes,Yes,Yes,Yes,Yes,Yes,Yes,Yes,,
Particles per frame,156.3,137.6,125.7,397.2,284,237.1,152.6,152.5,126.1,229.9,220.9,187.6,200.6,23
Centres per frame,130.4,117.2,109.5,200.7,183.3,167.6,130.4,127.8,110.7,165.3,162.5,146,146,8.6
Completed tracks,10824,9217,8495,18481,16475,14479,10598,10157,8612,14222,13597,11769,,
X-Drift (pix/frame),-3.7,-3.8,-3.8,-4.1,-4,-4,-3.6,-3.7,-3.7,-4.3,-4.3,-4.3,,
Y-Drift (pix/frame),0.2,0.2,0.2,0,0,0,0,0,-0.1,0.4,0.4,0.4,,
,,,,,,,,,,,,,,
[Concentration Warnings],,,,,,,,,,,,,,
Validity of concentration measurement,OK,OK,OK,OK,OK,OK,OK,OK,OK,OK,OK,OK,,
Completed Tracks,OK,OK,OK,OK,OK,OK,OK,OK,OK,OK,OK,OK,,
Particles per frame,OK,OK,OK,OK,OK,OK,OK,OK,OK,OK,OK,OK,,
Noise level,No,No,No,No,No,No,No,No,No,No,No,No,,
Brightness,OK,OK,OK,OK,OK,OK,OK,OK,OK,OK,OK,OK,,
Detection Threshold,OK,OK,OK,OK,OK,OK,OK,OK,OK,OK,OK,OK,,
Camera Histogram Lower Limit,OK,OK,OK,OK,OK,OK,OK,OK,OK,OK,OK,OK,,
,,,,,,,,,,,,,,
[Information],,,,,,,,,,,,,,
Completed Tracks,OK,OK,OK,OK,OK,OK,OK,OK,OK,OK,OK,OK,,
Concentration,OK,OK,OK,OK,OK,OK,OK,OK,OK,OK,OK,OK,,
Video length,OK,OK,OK,OK,OK,OK,OK,OK,OK,OK,OK,OK,,
Noise level,No,No,No,No,No,No,No,No,No,No,No,No,,
Vibration detected,No,No,No,No,No,No,No,No,No,No,No,No,,
Vibration correction applied,No,No,No,No,No,No,No,No,No,No,No,No,,
Settings changed?,No,No,No,No,No,No,No,No,No,No,No,No,,
Errors (1),,,,,,,,,,,,,,
Errors (2),,,,,,,,,,,,,,
,,,,,,,,,,,,,,
[Data Included],,,,,,,,,,,,,,
Size distribution - Number weighting - With Percentiles,,,,,,,,,,,,,,
,,,,,,,,,,,,,,
[Size Data],,,,,,,,,,,,,,
Analysis Method,FTLA,,,,,,,,,,,,,
Weighting,Number,,,,,,,,,,,,,
Filename,std_10000_yes_2_00,std_10000_yes_2_01,std_10000_yes_2_02,std_10000_no_2_00,std_10000_no_2_01,std_10000_no_2_02,std_10000_yes_1_00,std_10000_yes_1_01,std_10000_yes_1_02,std_10000_no_1_00,std_10000_no_1_01,std_10000_no_1_02,Average,Standard Error
Mean,98.7,97.9,99.4,96.4,97.2,97.8,109.9,107.1,104.5,99.3,98.7,98.7,100.5,1.2
Mode,95.4,94,97.1,95.3,93.5,94.7,96.3,94.7,98.8,95.5,96.1,92.2,95.3,0.5
SD,10.9,9.7,13.6,14.2,13,14.8,55.2,33,24.9,14.5,12.3,12.8,19.1,3.8
D10,86.9,87.2,87,79.2,82.2,82.5,85.6,87.7,86.8,81.8,85.3,83.8,84.7,0.8
D50,96,95,97,94.7,95.1,95.3,98,98.2,98.7,96.5,96.1,95.9,96.4,0.4
D90,108.8,109,109.5,111.5,113.1,111.1,119.4,118.9,116.2,118.9,110.1,112.8,113.3,1.2
Valid Tracks,4286,3810,3494,6496,6000,5554,4137,4168,3479,5446,5413,4866,,
Graph Data,,,,,,,,,,,,,,
Bin centre (nm), Concentration (particles / ml),Concentration (particles / ml),Concentration (particles / ml),Concentration (particles / ml),Concentration (particles / ml),Concentration (particles / ml),Concentration (particles / ml),Concentration (particles / ml),Concentration (particles / ml),Concentration (particles / ml),Concentration (particles / ml),Concentration (particles / ml),Concentration average,Standard Error
0.5,0,0,0,0,0,0,0,0,0,0,0,0,0,0
1.5,0,0,0,0,0,0,0,0,0,0,0,0,0,0
2.5,0,0,0,0,0,0,0,0,0,0,0,0,0,0
3.5,0,0,0,0,0,0,0,0,0,0,0,0,0,0
4.5,0,0,0,0,0,0,0,0,0,0,0,0,0,0
5.5,0,0,0,0,0,0,0,0,0,0,0,0,0,0
6.5,0,0,0,0,0,0,0,0,0,0,0,0,0,0
7.5,0,0,0,0,0,0,0,0,0,0,0,0,0,0
8.5,0,0,0,0,0,0,0,0,0,0,0,0,0,0
9.5,0,0,0,0,0,0,0,0,0,0,0,0,0,0
10.5,0,0,0,0,0,0,0,0,0,0,0,0,0,0
11.5,0,0,0,0,0,0,0,0,0,0,0,0,0,0
12.5,0,0,0,0,0,0,0,0,0,0,0,0,0,0
13.5,0,0,0,0,0,0,0,0,0,0,0,0,0,0
14.5,0,0,0,0,0,0,0,0,0,0,0,0,0,0
15.5,0,0,0,0,0,0,0,0,0,0,0,0,0,0
16.5,0,0,0,0,0,0,0,0,0,0,0,0,0,0
17.5,0,0,0,0,0,0,0,0,0,0,0,0,0,0
18.5,0,0,0,0,0,0,0,0,0,0,0,0,0,0
19.5,0,0,0,0,0,0,0,0,0,0,0,0,0,0
20.5,0,0,0,0,0,0,0,0,0,0,0,0,0,0
21.5,0,0,0,0,0,0,0,0,0,0,0,0,0,0
22.5,0,0,0,0,0,0,0,0,0,0,0,0,0,0
23.5,0,0,0,0,0,0,0,0,0,0,0,0,0,0
24.5,0,0,0,0,0,0,0,0,0,0,0,0,0,0
25.5,0,0,0,0,0,0,0,0,0,0,0,0,0,0
26.5,0,0,0,0,0,0,0,0,0,0,0,0,0,0
27.5,0,0,0,0,0,0,0,0,0,0,0,0,0,0
28.5,0,0,0,0,0,0,0,0,0,0,0,0,0,0
29.5,0,0,0,0,0,0,0,0,0,0,0,0,0,0
30.5,0,0,0,0,0,0,0,0,0,0,0,0,0,0
31.5,0,0,0,0,0,7,0,0,0,0,0,0,0,0
32.5,0,0,0,0,0,60,0,0,0,0,0,0,5,5
33.5,0,0,0,0,0,326,0,0,0,0,0,0,27,27
34.5,0,0,0,0,0,1238,0,0,0,0,0,0,103,103
35.5,0,0,11,0,0,3460,0,0,0,0,0,0,289,288
36.5,0,0,261,0,0,7519,0,0,0,0,0,0,648,625
37.5,0,1,3195,1,4,13331,0,0,0,0,0,0,1378,1119
38.5,0,6,21829,4,20,20135,0,0,0,0,0,0,3500,2360
39.5,0,19,86599,16,94,26911,0,0,0,0,0,0,9470,7358
40.5,0,39,208970,54,392,32876,0,0,0,0,0,0,20194,17376
41.5,0,57,322807,160,1439,37727,0,0,0,0,0,0,30182,26784
42.5,0,61,337164,439,4718,41576,0,0,0,0,0,0,31997,27954
43.5,0,52,252174,1111,13856,44774,0,0,0,0,1,0,25997,20904
44.5,0,35,143291,2621,36492,47739,0,0,0,0,2,0,19182,12227
45.5,0,21,65684,5791,86199,50865,0,0,0,0,4,0,17380,9020
46.5,0,11,25788,12038,182569,54485,0,0,0,3,6,0,22908,15278
47.5,0,5,9194,23647,346832,58874,0,0,0,11,9,0,36548,28653
48.5,0,3,3148,44050,591944,64262,0,0,0,38,13,0,58621,48869
49.5,0,1,1091,78053,910724,70847,0,0,0,120,18,0,88405,75214
50.5,0,0,401,131918,1269988,78813,0,0,0,349,26,0,123458,104938
51.5,0,0,163,213196,1617263,88336,0,0,0,927,37,0,159994,133757
52.5,0,0,76,330266,1898514,99600,0,0,0,2268,55,0,194232,157409
53.5,0,0,41,491562,2077094,112812,0,0,0,5118,85,0,223893,173362
54.5,0,0,27,704603,2143566,128228,0,0,0,10714,136,0,248939,181831
55.5,0,0,21,974989,2113136,146180,0,0,0,20899,224,0,271287,185754
56.5,0,0,20,1305587,2015148,167123,0,0,0,38196,380,0,293871,189865
57.5,0,0,22,1696112,1881649,191678,0,0,0,65767,660,0,319657,199094
58.5,0,0,29,2143209,1739715,220700,2,0,0,107277,1164,0,351008,216755
59.5,0,0,44,2641050,1608503,255346,8,0,0,166700,2075,0,389477,243633
60.5,0,0,76,3182333,1499697,297170,25,0,0,248113,3707,3,435927,278604
61.5,0,0,143,3759495,1419513,348235,75,0,0,355557,6593,8,490802,319871
62.5,0,0,291,4365932,1370945,411258,211,0,0,493012,11604,26,554440,365815
63.5,0,1,619,4997055,1355629,489792,556,0,0,664492,20107,80,627361,415305
64.5,2,2,1350,5651073,1375195,588462,1385,0,0,874253,34168,235,710510,467745
65.5,7,6,2958,6329469,1432196,713244,3275,0,1,1127074,56778,666,805473,523032
66.5,26,13,6401,7037212,1530774,871812,7369,1,6,1428567,92109,1819,914676,581505
67.5,94,33,13494,7782765,1677209,1073929,15825,5,29,1785479,145771,4764,1041616,643898
68.5,316,83,27416,8577987,1880437,1331877,32501,20,125,2205954,225088,11913,1191143,711298
69.5,994,214,53311,9437991,2152626,1660901,63954,78,487,2699720,339371,28364,1369834,785098
70.5,2920,554,98800,10381023,2509815,2079598,120740,276,1741,3278189,500230,64144,1586503,866947
71.5,8012,1432,174249,11428389,2972628,2610198,218928,917,5694,3954439,721922,137513,1852860,958679
72.5,20534,3655,292659,12604403,3567008,3278624,381556,2853,17014,4743051,1021739,279115,2184351,1062222
73.5,49211,9146,469235,13936350,4324897,4114222,639611,8302,46459,5659768,1420423,536078,2601142,1179478
74.5,110480,22273,720889,15454374,5284691,5149036,1031970,22580,116005,6720956,1942557,974329,3129178,1312188
75.5,232911,52451,1065999,17191217,6491263,6416509,1603822,57392,265203,7942824,2616859,1676947,3801117,1461765
76.5,462366,118796,1524689,19181686,7995238,7949553,2403336,136331,556293,9340423,3476271,2736665,4656804,1629046
77.5,866890,257591,2119683,21461728,9851146,9777961,3476801,302770,1073891,10926419,4557703,4242178,5742897,1813853
78.5,1539750,532805,2877571,24066958,12114090,11925272,4863018,629077,1915307,12709708,5901294,6260173,7111252,2014235
79.5,2598661,1048401,3830148,27030522,14834586,14405296,6587987,1224138,3170947,14693947,7549012,8817242,8815907,2225378
80.5,4179376,1958829,5015432,30380193,18051517,17218609,8661004,2234177,4899824,16876136,9542469,11886743,10908692,2438529
81.5,6422555,3471432,6477916,34134681,21783464,20349450,11072838,3831392,7109476,19245384,11919829,15384759,13433598,2640751
82.5,9454211,5833223,8267590,38299260,26019277,23763482,13796105,6187247,9749095,21781997,14711794,19176777,16420005,2816621
83.5,13361905,9296399,10437281,42860959,30709304,27406844,16787374,9432748,12719086,24457031,17936754,23093605,19874941,2952599
84.5,18170675,14063015,13037860,47783787,35759220,31206840,19990197,13614814,15893080,27232378,21595352,26952677,23774991,3043589
85.5,23823895,20218264,16111052,53004623,41028539,35074419,23338280,18662441,19143726,30061431,25664911,30579903,28059290,3099407
86.5,30174205,27670051,19679928,58430569,46335494,38908374,26758240,24375730,22363690,32890287,30094366,33827891,32625735,3146913
87.5,36988028,36115736,23737727,63938594,51468927,42600944,30171801,30444344,25476917,35659435,34800558,36587882,37332574,3222715
88.5,43964260,45052114,28236458,69378177,56206371,46044294,33497615,36492131,28439631,38305808,39666793,38794686,42006528,3355486
89.5,50764331,53832767,33077511,74577357,60335886,49137199,36653104,42135982,31233716,40765093,44544589,40425381,46456910,3547832
90.5,57048072,61762303,38107033,79352145,63678050,51791224,39556754,47043197,33856184,42974201,49259260,41493502,50493494,3773001
91.5,62508645,68205285,43118789,83518639,66104220,53935762,42131112,50973750,36308028,44873800,53619537,42040664,53944853,3988535
92.5,66900535,72683519,47866284,86906688,67547867,55521465,44306510,53800122,38584672,46410840,57430824,42127411,56673895,4154218
93.5,70056810,74939757,52084146,89373479,68007332,56521828,46025179,55504721,40669259,47541003,60510911,41824580,58588250,4243632
94.5,71894702,74956627,55516454,90815328,67540213,56932940,47245229,56160433,42529273,48230982,62706361,41206003,59644545,4247386
95.5,72411064,72932191,57947522,91176094,66251249,56771629,47943795,55902306,44116647,48460473,63907345,40342887,59846933,4170523
96.5,71670770,69223804,59229378,90451144,64276505,56072407,48118735,54897943,45371223,48223715,64058722,39299903,59241187,4027181
97.5,69791532,64277093,59300408,88686449,61766864,54883667,47788470,53322012,46227140,47530395,63165564,38132802,57906033,3834993
98.5,66928074,58556504,58191420,85973125,58873283,53263617,46989898,51337585,46621377,46405741,61292231,36887267,55943343,3610891
99.5,63257620,52489530,56018232,82438382,55735405,51276335,45774667,49084787,46503210,44889653,58555127,35598715,53468472,3368989
100.5,58967610,46430562,52962899,78234217,52474105,48988260,44204361,46675778,45843059,43034834,55110333,34292751,50601564,3120288
101.5,54245750,40644656,49247970,73525359,49187809,46465284,42345309,44194419,44639082,40903981,51138088,32986065,47460314,2873410
102.5,49272088,35307583,45109029,68477824,45951875,43770518,40263719,41698970,42920232,38566250,46826422,31687573,44154340,2635501
103.5,44212649,30516728,40770295,63249150,42820179,40962706,38021684,39226380,40745097,36093309,42356131,30399715,40781169,2412718
104.5,39214371,26307453,36426487,57980956,39827994,38095208,35674387,36797160,38196746,33555370,37888741,29119815,37423724,2210151
105.5,34401231,22670614,32232278,52794067,36995456,35215440,33268606,34420170,35374586,31017598,33558414,27841479,34149162,2031306
106.5,29871676,19568429,28298901,47786101,34331081,32364664,30842432,32096932,32384764,28537224,29467964,26555996,31008847,1877474
107.5,25697524,16947312,24696417,43031156,31834989,29578004,28425941,29825293,29330793,26161578,25688545,25253735,28039274,1747379
108.5,21924455,14747309,21459593,38581120,29501668,26884633,26042534,27602333,26305757,23927128,22262164,23925513,25263684,1637408
109.5,18574019,12908432,18595510,34468077,27322209,24308056,23710610,25426516,23386956,21859450,19206031,22563881,22694146,1542438
110.5,15646925,11374487,16091363,30707327,25286013,21866455,21445272,23299070,20633234,19973982,16517776,21164267,20333847,1457002
111.5,13127187,10095054,13921463,27300629,23382034,19573084,19259817,21224638,18084713,18277309,14180768,19725906,18179383,1376365
112.5,10986632,9026218,12052961,24239362,21599623,17436705,17166816,19211264,15764371,16768759,12168972,18252450,16222844,1297224
113.5,9189297,8130516,10450141,21507396,19929041,15462052,15178678,17269813,13680753,15442072,10451040,16752195,14453583,1217955
114.5,7695328,7376458,9077410,19083586,18361713,13650323,13307664,15412970,11831170,14286972,8993505,15237855,12859579,1138494
115.5,6464149,6737847,7901190,16943814,16890299,11999689,11565431,13653994,10204891,13290531,7763103,13725898,11428403,1059997
116.5,5456796,6193038,6890992,15062609,15508626,10505812,9962225,12005411,8785993,12438253,6728326,12235476,10147797,984391
117.5,4637459,5724233,6019896,13414368,14211534,9162353,8505955,10477834,7555696,11714878,5860347,10787063,9005968,913915
118.5,3974335,5316837,5264658,11974227,12994682,7961453,7201321,9079042,6494150,11104901,5133465,9400947,7991668,850665
119.5,3439937,4958902,4605570,10718654,11854344,6894179,6049234,7813412,5581698,10592872,4525224,8095752,7094148,796215
120.5,3011032,4640648,4026215,9625814,10787213,5950917,5046603,6681731,4799702,10163506,4016295,6887162,6303070,751328
121.5,2668328,4354061,3513153,8675752,9790237,5121715,4186567,5681353,4131025,9801679,3590243,5786962,5608423,715831
122.5,2396038,4092564,3055600,7850456,8860497,4396560,3459086,4806637,3560258,9492361,3233209,4802504,5000481,688674
123.5,2181386,3850733,2645112,7133824,7995125,3765599,2851807,4049562,3073769,9220553,2933586,3936591,4469804,668148
124.5,2014122,3624074,2275270,6511570,7191257,3219313,2351019,3400427,2659645,8971283,2681690,3187764,4007286,652194
125.5,1886066,3408839,1941382,5971092,6446021,2748634,1942598,2848544,2307565,8729727,2469462,2550895,3604235,638693
126.5,1790703,3201891,1640171,5501323,5756560,2345037,1612797,2382865,2008645,8481488,2290196,2017976,3252471,625678
127.5,1722822,3000602,1369465,5092567,5120053,2000592,1348848,1992495,1755270,8213060,2138306,1579009,2944424,611466
128.5,1678205,2802800,1127877,4736343,4533760,1707992,1139343,1667080,1540935,7912477,2009129,1222865,2673234,594713
129.5,1653361,2606744,914489,4425232,3995059,1460573,974420,1397072,1360099,7570086,1898755,938069,2432830,574457
130.5,1645292,2411145,728544,4152735,3501475,1252305,845801,1173882,1208055,7179369,1803891,713424,2217993,550140
131.5,1651284,2215203,569193,3913145,3050696,1077789,746712,989937,1080818,6737681,1721748,538488,2024391,521634
132.5,1668734,2018667,435282,3701430,2640583,932228,671746,838679,975028,6246757,1649955,403872,1848580,489258
133.5,1695001,1821888,325235,3513139,2269150,811410,616698,714507,887880,5712839,1586485,301401,1687969,453774
134.5,1727292,1625861,237018,3344312,1934543,711668,578393,612700,817049,5146348,1529602,224155,1540745,416352
135.5,1762591,1432217,168193,3191416,1634993,629848,554533,529314,760649,4561049,1477823,166416,1405754,378481
136.5,1797637,1243158,116042,3051288,1368773,563267,543557,461090,717185,3972805,1429885,123569,1282355,341829
137.5,1828966,1061322,77730,2921093,1134148,509673,544529,405351,685529,3398050,1384723,91957,1170256,308047
138.5,1853016,889564,50490,2798302,929322,467206,557039,359916,664896,2852233,1341455,68736,1069348,278514
139.5,1866294,730693,31767,2680674,752406,434353,581117,323017,654831,2348421,1299370,51731,979556,254078
140.5,1865601,587174,19343,2566251,601394,409917,617146,293233,655204,1896306,1257914,39298,900732,234862
141.5,1848277,460856,11391,2453363,474155,392976,665764,269433,666206,1501686,1216685,30212,832584,220270
142.5,1812446,352765,6484,2340640,368447,382854,727738,250724,688353,1166473,1175415,23571,774659,209225
143.5,1757221,263004,3566,2227016,281950,379088,803804,236414,722478,889138,1133963,18712,726363,200555
144.5,1682831,190776,1896,2111750,212310,381399,894452,225981,769718,665458,1092295,15156,687002,193345
145.5,1590640,134527,974,1994421,157199,389659,999665,219049,831470,489403,1050468,12559,655836,187141
146.5,1483064,92167,484,1874934,114366,403851,1118620,215370,909306,354014,1008611,10674,632122,181989
147.5,1363370,61334,232,1753502,81700,424016,1249383,214812,1004816,252153,966905,9327,615129,178345
148.5,1235400,39647,108,1630622,57275,450194,1388656,217353,1119355,177071,925565,8397,604137,176874
149.5,1103250,24903,49,1507037,39379,482331,1531644,223076,1253664,122765,884817,7802,598393,178199
150.5,970945,15209,21,1383686,26541,520166,1672110,232172,1407348,84160,844886,7494,597061,182626
151.5,842159,9041,9,1261646,17526,563100,1802695,244942,1578223,57140,805977,7449,599159,189975
152.5,719994,5238,4,1142065,11335,610047,1915494,261808,1761600,38489,768266,7665,603500,199566
153.5,606846,2962,2,1026097,7177,659285,2002862,283321,1949637,25767,731891,8168,608668,210327
154.5,504354,1638,0,914841,4448,708366,2058322,310168,2130990,17176,696945,9010,613022,220943
155.5,413428,887,0,809281,2698,754092,2077415,343188,2291032,11422,663476,10276,614766,229986
156.5,334324,472,0,710245,1600,792649,2058326,383376,2412913,7592,631481,12100,612090,236026
157.5,266762,247,0,618373,929,819898,2002134,431885,2479603,5054,600913,14679,603373,237760
158.5,210057,128,0,534100,527,831860,1912649,490017,2476753,3376,571680,18300,587454,234197
159.5,163251,65,0,457652,293,825322,1795862,559201,2395888,2267,543653,23368,563902,224885
160.5,125228,33,0,389056,159,798473,1659141,640947,2237066,1533,516666,30458,533230,210132
161.5,94812,17,0,328163,84,751405,1510325,736781,2010087,1046,490528,40354,496967,191173
162.5,70846,8,0,274668,44,686330,1356905,848132,1733591,722,465029,54112,457532,170216
163.5,52237,4,0,228147,22,607401,1205379,976203,1432006,504,439947,73093,417912,150337
164.5,37998,2,0,188086,11,520150,1060879,1121789,1131099,357,415062,98967,381200,135091
165.5,27261,1,0,153916,5,430644,927033,1285075,853382,257,390165,133635,350115,127567
166.5,19283,0,0,125038,3,344569,806034,1465410,614686,188,365076,179026,326610,128951
167.5,13442,0,0,100848,1,266471,698856,1661088,422743,140,339654,236712,311663,137991
168.5,9231,0,0,80758,0,199295,605514,1869155,277796,106,313815,307323,305250,152223
169.5,6241,0,0,64214,0,144307,525356,2085293,174661,82,287547,389814,306460,169392
170.5,4153,0,0,50698,0,101321,457311,2303798,105282,65,260917,480732,313690,187869
171.5,2719,0,0,39745,0,69121,400095,2517701,61002,53,234087,573760,324857,206460
172.5,1749,0,0,30936,0,45929,352363,2719043,34086,43,207304,659882,337611,224152
173.5,1106,0,0,23906,0,29810,312812,2899304,18439,37,180899,728419,349561,239991
174.5,687,0,0,18339,0,18960,280239,3049976,9699,32,155263,768973,358514,253083
175.5,419,0,0,13963,0,11860,253579,3163207,4985,28,130824,773870,362728,262674
176.5,251,0,0,10549,0,7323,231907,3232476,2517,25,108009,740374,361119,268240
177.5,147,0,0,7907,0,4482,214438,3253196,1256,23,87203,671831,353374,269537
178.5,85,0,0,5878,0,2730,200518,3223170,624,22,68713,577159,339908,266578
179.5,48,0,0,4333,0,1662,189602,3142847,310,21,52738,468779,321695,259576
180.5,26,0,0,3165,0,1016,181242,3015326,155,21,39348,359663,299997,248876
181.5,14,0,0,2291,0,627,175072,2846113,79,21,28483,260560,276105,234923
182.5,8,0,0,1642,0,391,170789,2642656,41,22,19966,178254,251147,218259
183.5,4,0,0,1165,0,248,168142,2413729,22,23,13527,115221,226007,199523
184.5,2,0,0,818,0,161,166923,2168732,12,24,8841,70439,201329,179433
185.5,1,0,0,568,0,107,166953,1916994,7,26,5566,40787,177584,158736
186.5,0,0,0,390,0,73,168076,1667155,4,29,3369,22411,155126,138153
187.5,0,0,0,265,0,51,170152,1426680,3,32,1957,11711,134238,118330
188.5,0,0,0,177,0,37,173055,1201535,2,37,1090,5836,115147,99794
189.5,0,0,0,117,0,28,176664,996040,1,42,581,2781,98021,82939
190.5,0,0,0,76,0,22,180864,812876,0,49,296,1272,82955,68030
191.5,0,0,0,49,0,18,185544,653221,0,58,144,560,69966,55212
192.5,0,0,0,31,0,15,190596,516973,0,70,67,238,58999,44536
193.5,0,0,0,19,0,14,195920,403028,0,84,30,99,49933,35982
194.5,0,0,0,12,0,13,201419,309565,0,102,12,40,42597,29468
195.5,0,0,0,7,0,12,207006,234322,0,124,5,16,36791,24850
196.5,0,0,0,4,0,12,212604,174829,0,153,2,6,32301,21889
197.5,0,0,0,3,0,13,218149,128606,1,189,0,2,28914,20244
198.5,0,0,0,1,0,14,223591,93297,1,235,0,0,26428,19524
199.5,0,0,0,0,0,16,228896,66765,2,294,0,0,24664,19375
200.5,0,0,0,0,0,18,234048,47145,3,367,0,0,23465,19539
201.5,0,0,0,0,0,22,239046,32861,5,460,0,0,22700,19855
202.5,0,0,0,0,0,28,243905,22617,8,577,0,0,22261,20236
203.5,0,0,0,0,0,35,248658,15377,14,723,0,0,22067,20638
204.5,0,0,3,0,0,46,253346,10333,25,905,0,0,22055,21044
205.5,0,0,11,0,0,62,258027,6865,46,1130,0,0,22179,21448
206.5,0,0,37,0,0,86,262765,4513,88,1407,0,0,22408,21854
207.5,0,0,116,0,0,120,267631,2937,170,1746,0,0,22727,22266
208.5,0,0,351,0,0,170,272704,1893,334,2156,0,0,23134,22689
209.5,0,0,1006,0,0,243,278064,1210,661,2648,0,0,23653,23129
210.5,0,0,2720,0,0,353,283793,767,1308,3231,0,0,24348,23588
211.5,0,0,6906,0,0,514,289976,483,2578,3915,0,0,25364,24064
212.5,0,0,16381,0,0,753,296696,302,5028,4707,0,0,26989,24557
213.5,0,0,36135,0,0,1105,304035,188,9656,5610,0,0,29727,25116
214.5,0,0,73823,0,0,1620,312073,117,18170,6624,0,0,34369,25972
215.5,0,0,139148,0,0,2369,320891,72,33352,7742,0,0,41964,27850
216.5,0,0,241154,0,0,3447,330564,45,59455,8951,0,0,53635,32161
217.5,0,0,383089,0,0,4982,341166,28,102532,10231,0,0,70169,40331
218.5,0,0,556289,0,0,7137,352770,17,170439,11552,0,0,91517,52414
219.5,0,0,736629,0,0,10118,365445,11,272203,12876,0,0,116440,66733
220.5,0,0,887649,0,0,14175,379255,7,416449,14159,0,0,142641,80784
221.5,0,0,971648,0,0,19593,394264,4,608764,15352,0,0,167469,92696
222.5,0,0,964751,0,0,26685,410530,3,848341,16401,0,0,188893,102683
223.5,0,0,867863,0,0,35769,428107,2,1124814,17256,0,0,206151,113260
224.5,0,0,706693,0,0,47137,447044,1,1416678,17868,0,0,219618,127029
225.5,0,0,520576,0,0,61011,467384,0,1692629,18199,0,0,229983,143648
226.5,0,0,346783,0,0,77497,489162,0,1916458,18225,0,0,237344,159609
227.5,0,0,208884,0,0,96532,512406,0,2054705,17933,0,0,240872,170592
228.5,0,0,113785,0,0,117840,537134,0,2084941,17331,0,0,239253,173549
229.5,0,0,56073,0,0,140904,563351,0,2001808,16442,0,0,231548,167524
230.5,0,0,25014,0,0,164955,591049,0,1818567,15306,0,0,217908,153613
231.5,0,0,10109,0,0,189003,620203,0,1563532,13975,0,0,199735,134462
232.5,0,0,3705,0,0,211892,650767,0,1272740,12510,0,0,179301,113573
233.5,0,0,1233,0,0,232392,682674,0,981522,10974,0,0,159066,94546
234.5,0,0,373,0,0,249308,715827,0,717699,9431,0,0,141053,80293
235.5,0,0,103,0,0,261601,750096,0,498077,7936,0,0,126484,72155
236.5,0,0,26,0,0,268495,785314,0,328448,6538,0,0,115735,69413
237.5,0,0,6,0,0,269562,821269,0,206073,5271,0,0,108515,70083
238.5,0,0,1,0,0,264768,857696,0,123194,4157,0,0,104151,72340
239.5,0,0,0,0,0,254468,894276,0,70285,3207,0,0,101853,75123
240.5,0,0,0,0,0,239365,930622,0,38333,2418,0,0,100895,77980
241.5,0,0,0,0,0,220428,966280,0,20023,1783,0,0,100710,80763
242.5,0,0,0,0,0,198788,1000719,0,10035,1285,0,0,100902,83434
243.5,0,0,0,0,0,175622,1033333,0,4836,904,0,0,101225,85974
244.5,0,0,0,0,0,152055,1063440,0,2245,622,0,0,101530,88349
245.5,0,0,0,0,0,129073,1090286,0,1006,418,0,0,101732,90503
246.5,0,0,0,0,0,107466,1113057,0,437,274,0,0,101769,92366
247.5,0,0,0,0,0,87803,1130896,0,184,175,0,0,101588,93856
248.5,0,0,0,0,0,70431,1142924,0,75,110,0,0,101128,94889
249.5,0,0,0,0,0,55494,1148278,0,30,67,0,0,100322,95380
250.5,0,0,0,0,0,42972,1146144,0,12,40,0,0,99097,95253
251.5,0,0,0,0,0,32720,1135808,0,4,23,0,0,97380,94442
252.5,0,0,0,0,0,24511,1116707,0,2,13,0,0,95103,92895
253.5,0,0,0,0,0,18074,1088484,0,0,7,0,0,92214,90582
254.5,0,0,0,0,0,13127,1051037,0,0,4,0,0,88681,87494
255.5,0,0,0,0,0,9395,1004567,0,0,2,0,0,84497,83646
256.5,0,0,0,0,0,6630,949609,0,0,1,0,0,79687,79086
257.5,0,0,0,0,0,4615,887044,0,0,0,0,0,74305,73886
258.5,0,0,0,0,0,3172,818088,0,0,0,0,0,68438,68150
259.5,0,0,0,0,0,2152,744259,0,0,0,0,0,62201,62006
260.5,0,0,0,0,0,1443,667309,0,0,0,0,0,55729,55598
261.5,0,0,0,0,0,957,589135,0,0,0,0,0,49174,49087
262.5,0,0,0,0,0,628,511676,0,0,0,0,0,42692,42635
263.5,0,0,0,0,0,407,436795,0,0,0,0,0,36434,36396
264.5,0,0,0,0,0,262,366163,0,0,0,0,0,30535,30512
265.5,0,0,0,0,0,167,301166,0,0,0,0,0,25111,25096
266.5,0,0,0,0,0,105,242831,0,0,0,0,0,20245,20235
267.5,0,0,0,0,0,66,191782,0,0,0,0,0,15987,15981
268.5,0,0,0,0,0,41,148244,0,0,0,0,0,12357,12353
269.5,0,0,0,0,0,25,112068,0,0,0,0,0,9341,9339
270.5,0,0,0,0,0,15,82798,1,0,0,0,0,6901,6900
271.5,0,0,0,0,0,9,59744,2,0,0,0,0,4980,4979
272.5,0,0,0,0,0,6,42078,3,0,0,0,0,3507,3506
273.5,0,0,0,0,0,3,28910,5,0,0,0,0,2410,2409
274.5,0,0,0,0,0,2,19368,8,0,0,0,0,1615,1614
275.5,0,0,0,0,0,1,12646,12,0,0,0,0,1055,1054
276.5,0,0,0,0,0,0,8046,18,0,0,0,0,672,670
277.5,0,0,0,0,0,0,4986,28,0,0,0,0,418,415
278.5,0,0,0,0,0,0,3009,43,0,0,0,0,254,250
279.5,0,0,0,0,0,0,1768,67,0,0,0,0,153,147
280.5,0,0,0,0,0,0,1012,103,0,0,0,0,93,84
281.5,0,0,0,0,0,0,564,158,0,0,0,0,60,48
282.5,0,0,0,0,0,0,306,243,0,0,0,0,46,31
283.5,0,0,0,0,0,0,162,371,0,0,0,0,44,33
284.5,0,0,0,0,0,0,83,565,0,0,0,0,54,47
285.5,0,0,0,0,0,0,42,856,0,0,0,0,75,71
286.5,0,0,0,0,0,0,21,1289,0,0,0,0,109,107
287.5,0,0,0,0,0,0,10,1928,0,0,0,0,162,161
288.5,0,0,0,0,0,0,5,2864,0,0,0,0,239,239
289.5,0,0,0,0,0,0,2,4220,0,0,0,0,352,352
290.5,0,0,0,0,0,0,0,6165,0,0,0,0,514,514
291.5,0,0,0,0,0,0,0,8920,0,0,0,0,743,743
292.5,0,0,0,0,0,0,0,12776,0,0,0,0,1065,1065
293.5,0,0,0,0,0,0,0,18106,0,0,0,0,1509,1509
294.5,0,0,0,0,0,0,0,25370,0,0,0,0,2114,2114
295.5,0,0,0,0,0,0,0,35130,0,0,0,0,2927,2927
296.5,0,0,0,0,0,0,0,48043,0,0,0,0,4004,4004
297.5,0,0,0,0,0,0,0,64860,0,0,0,0,5405,5405
298.5,0,0,0,0,0,0,0,86400,0,0,0,0,7200,7200
299.5,0,0,0,0,0,0,0,113511,0,0,0,0,9459,9459
300.5,0,0,0,0,0,0,0,147022,0,0,0,0,12252,12252
301.5,0,0,0,0,0,0,0,187664,0,0,0,0,15639,15639
302.5,0,0,0,0,0,0,0,235987,0,0,0,0,19666,19666
303.5,0,0,0,0,0,0,0,292261,0,0,0,0,24355,24355
304.5,0,0,0,0,0,0,0,356381,0,0,0,0,29698,29698
305.5,0,0,0,0,0,0,0,427775,0,0,0,0,35648,35648
306.5,0,0,0,0,0,0,0,505343,0,0,0,0,42112,42112
307.5,0,0,0,0,0,0,0,587429,0,0,0,0,48952,48952
308.5,0,0,0,0,0,0,0,671836,0,0,0,0,55986,55986
309.5,0,0,0,0,0,0,0,755904,0,0,0,0,62992,62992
310.5,0,0,0,0,0,0,0,836631,0,0,0,0,69719,69719
311.5,0,0,0,0,0,0,0,910852,0,0,0,0,75904,75904
312.5,0,0,0,0,0,0,0,975447,0,0,0,0,81287,81287
313.5,0,0,0,0,0,0,0,1027563,0,0,0,0,85630,85630
314.5,0,0,0,0,0,0,0,1064835,0,0,0,0,88736,88736
315.5,0,0,0,0,0,0,0,1085563,0,0,0,0,90464,90464
316.5,0,0,0,0,0,0,0,1088849,0,0,0,0,90737,90737
317.5,0,0,0,0,0,0,0,1074659,0,0,0,0,89555,89555
318.5,0,0,0,0,0,0,0,1043817,0,0,0,0,86985,86985
319.5,0,0,0,0,0,0,0,997922,0,0,0,0,83160,83160
320.5,0,0,0,0,0,0,0,939211,0,0,0,0,78268,78268
321.5,0,0,0,0,0,0,0,870378,0,0,0,0,72531,72531
322.5,0,0,0,0,0,0,0,794363,0,0,0,0,66197,66197
323.5,0,0,0,0,0,0,0,714154,0,0,0,0,59513,59513
324.5,0,0,0,0,0,0,0,632594,0,0,0,0,52716,52716
325.5,0,0,0,0,0,0,0,552232,0,0,0,0,46019,46019
326.5,0,0,0,0,0,0,0,475211,0,0,0,0,39601,39601
327.5,0,0,0,0,0,0,0,403209,0,0,0,0,33601,33601
328.5,0,0,0,0,0,0,0,337411,0,0,0,0,28118,28118
329.5,0,0,0,0,0,0,0,278539,0,0,0,0,23212,23212
330.5,0,0,0,0,0,0,0,226893,0,0,0,0,18908,18908
331.5,0,0,0,0,0,0,0,182419,0,0,0,0,15202,15202
332.5,0,0,0,0,0,0,0,144792,0,0,0,0,12066,12066
333.5,0,0,0,0,0,0,0,113488,0,0,0,0,9457,9457
334.5,0,0,0,0,0,0,0,87859,0,0,0,0,7322,7322
335.5,0,0,0,0,0,0,0,67198,0,0,0,0,5600,5600
336.5,0,0,0,0,0,0,0,50786,0,0,0,0,4232,4232
337.5,0,0,0,0,0,0,0,37936,0,0,0,0,3161,3161
338.5,0,0,0,0,0,0,0,28013,0,0,0,0,2334,2334
339.5,0,0,0,0,0,0,0,20453,0,0,0,0,1704,1704
340.5,0,0,0,0,0,0,0,14767,0,0,0,0,1231,1231
341.5,0,0,0,0,0,0,0,10545,0,0,0,0,879,879
342.5,0,0,0,0,0,0,0,7449,0,0,0,0,621,621
343.5,0,0,0,0,0,0,0,5205,0,0,0,0,434,434
344.5,0,0,0,0,0,0,0,3599,0,0,0,0,300,300
345.5,0,0,0,0,0,0,0,2462,0,0,0,0,205,205
346.5,0,0,0,0,0,0,0,1667,0,0,0,0,139,139
347.5,0,0,0,0,0,0,0,1117,0,0,0,0,93,93
348.5,0,0,0,0,0,0,0,740,0,0,0,0,62,62
349.5,0,0,0,0,0,0,0,486,0,0,0,0,40,40
350.5,0,0,0,0,0,0,0,315,0,0,0,0,26,26
351.5,0,0,0,0,0,0,0,203,0,0,0,0,17,17
352.5,0,0,0,0,0,0,0,129,0,0,0,0,11,11
353.5,0,0,0,0,0,0,0,81,0,0,0,0,7,7
354.5,0,0,0,0,0,0,0,50,0,0,0,0,4,4
355.5,0,0,0,0,0,0,0,31,2,0,0,0,3,3
356.5,0,0,0,0,0,0,0,19,3,0,0,0,2,2
357.5,0,0,0,0,0,0,0,11,5,0,0,0,1,1
358.5,0,0,0,0,0,0,0,7,9,0,0,0,1,1
359.5,0,0,0,0,0,0,0,4,17,0,0,0,2,1
360.5,0,0,0,0,0,0,0,2,29,0,0,0,3,2
361.5,0,0,0,0,0,0,0,1,51,0,0,0,4,4
362.5,0,0,0,0,0,0,0,0,86,0,0,0,7,7
363.5,0,0,0,0,0,0,0,0,142,0,0,0,12,12
364.5,0,0,0,0,0,0,0,0,233,0,0,0,19,19
365.5,0,0,0,0,0,0,0,0,374,0,0,0,31,31
366.5,0,0,0,0,0,0,0,0,589,0,0,0,49,49
367.5,0,0,0,0,0,0,0,0,913,0,0,0,76,76
368.5,0,0,0,0,0,0,0,0,1387,0,0,0,116,116
369.5,0,0,0,0,0,0,0,0,2069,0,0,0,172,172
370.5,0,0,0,0,0,0,0,0,3029,0,0,0,252,252
371.5,0,0,0,0,0,0,0,0,4349,0,0,0,362,362
372.5,0,0,0,0,0,0,0,0,6127,0,0,0,511,511
373.5,0,0,0,0,0,0,0,0,8464,0,0,0,705,705
374.5,0,0,0,0,0,0,0,0,11466,0,0,0,956,956
375.5,0,0,0,0,0,0,0,0,15231,0,0,0,1269,1269
376.5,0,0,0,0,0,0,0,0,19837,0,0,0,1653,1653
377.5,0,0,0,0,0,0,1,0,25328,0,0,0,2111,2111
378.5,0,0,0,0,0,0,3,0,31702,0,0,0,2642,2642
379.5,0,0,0,0,0,0,5,0,38895,0,0,0,3242,3241
380.5,0,0,0,0,0,0,9,0,46775,0,0,0,3899,3898
381.5,0,0,0,0,0,0,17,0,55136,0,0,0,4596,4595
382.5,0,0,0,0,0,0,30,0,63700,0,0,0,5311,5308
383.5,0,0,0,0,0,0,53,0,72132,0,0,0,6015,6011
384.5,0,0,0,0,0,0,92,0,80057,0,0,0,6679,6671
385.5,0,0,0,0,0,0,157,0,87087,0,0,0,7270,7256
386.5,0,0,0,0,0,0,262,0,92856,0,0,0,7760,7736
387.5,0,0,0,0,0,0,430,0,97044,0,0,0,8123,8084
388.5,0,0,0,0,0,0,691,0,99415,0,0,0,8342,8280
389.5,0,0,0,0,0,0,1089,0,99834,0,0,0,8410,8312
390.5,0,0,0,0,0,0,1682,0,98282,0,0,0,8330,8179
391.5,0,0,0,0,0,0,2546,0,94857,0,0,0,8117,7888
392.5,0,0,0,0,0,0,3779,0,89760,0,0,0,7795,7458
393.5,0,0,0,0,0,0,5499,0,83284,0,0,0,7399,6914
394.5,0,0,0,0,0,0,7846,0,75776,0,0,0,6969,6289
395.5,0,0,0,0,0,0,10980,0,67615,0,0,0,6550,5626
396.5,0,0,0,0,0,0,15070,0,59173,0,0,0,6187,4977
397.5,0,0,0,0,0,0,20292,0,50797,0,0,0,5924,4413
398.5,0,0,0,0,0,0,26809,0,42778,0,0,0,5799,4031
399.5,0,0,0,0,0,0,34761,0,35344,0,0,0,5842,3939
400.5,0,0,0,0,0,0,44245,0,28654,0,0,0,6075,4207
401.5,0,0,0,0,0,0,55298,0,22798,0,0,0,6508,4822
402.5,0,0,0,0,0,0,67881,0,17803,0,0,0,7140,5716
403.5,0,0,0,0,0,0,81868,0,13647,0,0,0,7960,6814
404.5,0,0,0,0,0,0,97036,0,10270,0,0,0,8942,8054
405.5,0,0,0,0,0,0,113072,0,7589,0,0,0,10055,9386
406.5,0,0,0,0,0,0,129575,0,5507,0,0,0,11257,10766
407.5,0,0,0,0,0,0,146077,0,3925,0,0,0,12500,12148
408.5,0,0,0,0,0,0,162068,0,2748,0,0,0,13735,13487
409.5,0,0,0,0,0,0,177020,0,1891,0,0,0,14909,14738
410.5,0,0,0,0,0,0,190427,0,1278,0,0,0,15975,15860
411.5,0,0,0,0,0,0,201828,0,849,0,0,0,16890,16813
412.5,0,0,0,0,0,0,210840,0,555,0,0,0,17616,17566
413.5,0,0,0,0,0,0,217180,0,356,0,0,0,18128,18096
414.5,0,0,0,0,0,0,220677,0,225,0,0,0,18408,18388
415.5,0,0,0,0,0,0,221282,0,140,0,0,0,18452,18439
416.5,0,0,0,0,0,0,219063,0,85,0,0,0,18262,18255
417.5,0,0,0,0,0,0,214195,0,51,0,0,0,17854,17849
418.5,0,0,0,0,0,0,206945,0,30,0,0,0,17248,17245
419.5,0,0,0,0,0,0,197647,0,18,0,0,0,16472,16470
420.5,0,0,0,0,0,0,186682,0,10,0,0,0,15558,15557
421.5,0,0,0,0,0,0,174456,0,6,0,0,0,14538,14538
422.5,0,0,0,0,0,0,161371,0,3,0,0,0,13448,13448
423.5,0,0,0,0,0,0,147812,0,2,0,0,0,12318,12318
424.5,0,0,0,0,0,0,134133,0,0,0,0,0,11178,11178
425.5,0,0,0,0,0,0,120640,0,0,0,0,0,10053,10053
426.5,0,0,0,0,0,0,107588,0,0,0,0,0,8966,8966
427.5,0,0,0,0,0,0,95181,0,0,0,0,0,7932,7932
428.5,0,0,0,0,0,0,83567,0,0,0,0,0,6964,6964
429.5,0,0,0,0,0,0,72847,0,0,0,0,0,6071,6071
430.5,0,0,0,0,0,0,63077,0,0,0,0,0,5256,5256
431.5,0,0,0,0,0,0,54275,0,0,0,0,0,4523,4523
432.5,0,0,0,0,0,0,46429,0,0,0,0,0,3869,3869
433.5,0,0,0,0,0,0,39502,0,0,0,0,0,3292,3292
434.5,0,0,0,0,0,0,33441,0,0,0,0,0,2787,2787
435.5,0,0,0,0,0,0,28182,0,0,0,0,0,2348,2348
436.5,0,0,0,0,0,0,23651,0,0,0,0,0,1971,1971
437.5,0,0,0,0,0,0,19775,0,0,0,0,0,1648,1648
438.5,0,0,0,0,0,0,16480,0,0,0,0,0,1373,1373
439.5,0,0,0,0,0,0,13695,0,0,0,0,0,1141,1141
440.5,0,0,0,0,0,0,11352,0,0,0,0,0,946,946
441.5,0,0,0,0,0,0,9391,0,0,0,0,0,783,783
442.5,0,0,0,0,0,0,7756,0,0,0,0,0,646,646
443.5,0,0,0,0,0,0,6397,0,0,0,0,0,533,533
444.5,0,0,0,0,0,0,5272,0,0,0,0,0,439,439
445.5,0,0,0,0,0,0,4343,0,0,0,0,0,362,362
446.5,0,0,0,0,0,0,3577,0,0,0,0,0,298,298
447.5,0,0,0,0,0,0,2948,0,0,0,0,0,246,246
448.5,0,0,0,0,0,0,2431,0,0,0,0,0,203,203
449.5,0,0,0,0,0,0,2006,0,0,0,0,0,167,167
450.5,0,0,0,0,0,0,1659,0,0,0,0,0,138,138
451.5,0,0,0,0,0,0,1374,0,0,0,0,0,114,114
452.5,0,0,0,0,0,0,1140,0,0,0,0,0,95,95
453.5,0,0,0,0,0,0,949,0,0,0,0,0,79,79
454.5,0,0,0,0,0,0,792,0,0,0,0,0,66,66
455.5,0,0,0,0,0,0,663,0,0,0,0,0,55,55
456.5,0,0,0,0,0,0,557,0,0,0,0,0,46,46
457.5,0,0,0,0,0,0,470,0,0,0,0,0,39,39
458.5,0,0,0,0,0,0,398,0,0,0,0,0,33,33
459.5,0,0,0,0,0,0,339,0,0,0,0,0,28,28
460.5,0,0,0,0,0,0,290,0,0,0,0,0,24,24
461.5,0,0,0,0,0,0,249,0,0,0,0,0,21,21
462.5,0,0,0,0,0,0,215,0,0,0,0,0,18,18
463.5,0,0,0,0,0,0,187,0,0,0,0,0,16,16
464.5,0,0,0,0,0,0,163,0,0,0,0,0,14,14
465.5,0,0,0,0,0,0,144,0,0,0,0,0,12,12
466.5,0,0,0,0,0,0,127,0,0,0,0,0,11,11
467.5,0,0,0,0,0,0,113,0,0,0,0,0,9,9
468.5,0,0,0,0,0,0,102,0,0,0,0,0,8,8
469.5,0,0,0,0,0,0,92,0,0,0,0,0,8,8
470.5,0,0,0,0,0,0,84,0,0,0,0,0,7,7
471.5,0,0,0,0,0,0,77,0,0,0,0,0,6,6
472.5,0,0,0,0,0,0,71,0,0,0,0,0,6,6
473.5,0,0,0,0,0,0,66,0,0,0,0,0,6,6
474.5,0,0,0,0,0,0,62,0,0,0,0,0,5,5
475.5,0,0,0,0,0,0,59,0,0,0,0,0,5,5
476.5,0,0,0,0,0,0,56,0,0,0,0,0,5,5
477.5,0,0,0,0,0,0,54,0,0,0,0,0,4,4
478.5,0,0,0,0,0,0,52,0,0,0,0,0,4,4
479.5,0,0,0,0,0,0,51,0,0,0,0,0,4,4
480.5,0,0,0,0,0,0,51,0,0,0,0,0,4,4
481.5,0,0,0,0,0,0,50,0,0,0,0,0,4,4
482.5,0,0,0,0,0,0,51,0,0,0,0,0,4,4
483.5,0,0,0,0,0,0,51,0,0,0,0,0,4,4
484.5,0,0,0,0,0,0,52,0,0,0,0,0,4,4
485.5,0,0,0,0,0,0,54,0,0,0,0,0,4,4
486.5,0,0,0,0,0,0,56,0,0,0,0,0,5,5
487.5,0,0,0,0,0,0,58,0,0,0,0,0,5,5
488.5,0,0,0,0,0,0,62,0,0,0,0,0,5,5
489.5,0,0,0,0,0,0,66,0,0,0,0,0,5,5
490.5,0,0,0,0,0,0,70,0,0,0,0,0,6,6
491.5,0,0,0,0,0,0,76,0,0,0,0,0,6,6
492.5,0,0,0,0,0,0,83,0,0,0,0,0,7,7
493.5,0,0,0,0,0,0,91,0,0,0,0,0,8,8
494.5,0,0,0,0,0,0,101,0,0,0,0,0,8,8
495.5,0,0,0,0,0,0,112,0,0,0,0,0,9,9
496.5,0,0,0,0,0,0,126,0,0,0,0,0,10,10
497.5,0,0,0,0,0,0,142,0,0,0,0,0,12,12
498.5,0,0,0,0,0,0,161,0,0,0,0,0,13,13
499.5,0,0,0,0,0,0,185,0,0,0,0,0,15,15
500.5,0,0,0,0,0,0,212,0,0,0,0,0,18,18
501.5,0,0,0,0,0,0,245,0,0,0,0,0,20,20
502.5,0,0,0,0,0,0,285,0,0,0,0,0,24,24
503.5,0,0,0,0,0,0,333,0,0,0,0,0,28,28
504.5,0,0,0,0,0,0,391,0,0,0,0,0,33,33
505.5,0,0,0,0,0,0,462,0,0,0,0,0,38,38
506.5,0,0,0,0,0,0,546,0,0,0,0,0,46,46
507.5,0,0,0,0,0,0,649,0,0,0,0,0,54,54
508.5,0,0,0,0,0,0,774,0,0,0,0,0,64,64
509.5,0,0,0,0,0,0,925,0,0,0,0,0,77,77
510.5,0,0,0,0,0,0,1109,0,0,0,0,0,92,92
511.5,0,0,0,0,0,0,1333,0,0,0,0,0,111,111
512.5,0,0,0,0,0,0,1604,0,0,0,0,0,134,134
513.5,0,0,0,0,0,0,1934,0,0,0,0,0,161,161
514.5,0,0,0,0,0,0,2334,0,0,0,0,0,194,194
515.5,0,0,0,0,0,0,2818,0,0,0,0,0,235,235
516.5,0,0,0,0,0,0,3404,0,0,0,0,0,284,284
517.5,0,0,0,0,0,0,4112,0,0,0,0,0,343,343
518.5,0,0,0,0,0,0,4965,0,0,0,0,0,414,414
519.5,0,0,0,0,0,0,5990,0,0,0,0,0,499,499
520.5,0,0,0,0,0,0,7217,0,0,0,0,0,601,601
521.5,0,0,0,0,0,0,8682,0,0,0,0,0,723,723
522.5,0,0,0,0,0,0,10423,0,0,0,0,0,869,869
523.5,0,0,0,0,0,0,12483,0,0,0,0,0,1040,1040
524.5,0,0,0,0,0,0,14909,0,0,0,0,0,1242,1242
525.5,0,0,0,0,0,0,17752,0,0,0,0,0,1479,1479
526.5,0,0,0,0,0,0,21062,0,0,0,0,0,1755,1755
527.5,0,0,0,0,0,0,24892,0,0,0,0,0,2074,2074
528.5,0,0,0,0,0,0,29295,0,0,0,0,0,2441,2441
529.5,0,0,0,0,0,0,34319,0,0,0,0,0,2860,2860
530.5,0,0,0,0,0,0,40007,0,0,0,0,0,3334,3334
531.5,0,0,0,0,0,0,46391,0,0,0,0,0,3866,3866
532.5,0,0,0,0,0,0,53493,0,0,0,0,0,4458,4458
533.5,0,0,0,0,0,0,61316,0,0,0,0,0,5110,5110
534.5,0,0,0,0,0,0,69844,0,0,0,0,0,5820,5820
535.5,0,0,0,0,0,0,79036,0,0,0,0,0,6586,6586
536.5,0,0,0,0,0,0,88824,0,0,0,0,0,7402,7402
537.5,0,0,0,0,0,0,99109,0,0,0,0,0,8259,8259
538.5,0,0,0,0,0,0,109761,0,0,0,0,0,9147,9147
539.5,0,0,0,0,0,0,120620,0,0,0,0,0,10052,10052
540.5,0,0,0,0,0,0,131493,0,0,0,0,0,10958,10958
541.5,0,0,0,0,0,0,142163,0,0,0,0,0,11847,11847
542.5,0,0,0,0,0,0,152392,0,0,0,0,0,12699,12699
543.5,0,0,0,0,0,0,161929,0,0,0,0,0,13494,13494
544.5,0,0,0,0,0,0,170519,0,0,0,0,0,14210,14210
545.5,0,0,0,0,0,0,177912,0,0,0,0,0,14826,14826
546.5,0,0,0,0,0,0,183880,0,0,0,0,0,15323,15323
547.5,0,0,0,0,0,0,188223,0,0,0,0,0,15685,15685
548.5,0,0,0,0,0,0,190779,0,0,0,0,0,15898,15898
549.5,0,0,0,0,0,0,191440,0,0,0,0,0,15953,15953
550.5,0,0,0,0,0,0,190153,0,0,0,0,0,15846,15846
551.5,0,0,0,0,0,0,186927,0,0,0,0,0,15577,15577
552.5,0,0,0,0,0,0,181832,0,0,0,0,0,15153,15153
553.5,0,0,0,0,0,0,175001,0,0,0,0,0,14583,14583
554.5,0,0,0,0,0,0,166617,0,0,0,0,0,13885,13885
555.5,0,0,0,0,0,0,156914,0,0,0,0,0,13076,13076
556.5,0,0,0,0,0,0,146155,0,0,0,0,0,12180,12180
557.5,0,0,0,0,0,0,134627,0,0,0,0,0,11219,11219
558.5,0,0,0,0,0,0,122625,0,0,0,0,0,10219,10219
559.5,0,0,0,0,0,0,110438,0,0,0,0,0,9203,9203
560.5,0,0,0,0,0,0,98338,0,0,0,0,0,8195,8195
561.5,0,0,0,0,0,0,86569,0,0,0,0,0,7214,7214
562.5,0,0,0,0,0,0,75338,0,0,0,0,0,6278,6278
563.5,0,0,0,0,0,0,64814,0,0,0,0,0,5401,5401
564.5,0,0,0,0,0,0,55120,0,0,0,0,0,4593,4593
565.5,0,0,0,0,0,0,46337,0,0,0,0,0,3861,3861
566.5,0,0,0,0,0,0,38505,0,0,0,0,0,3209,3209
567.5,0,0,0,0,0,0,31629,0,0,0,0,0,2636,2636
568.5,0,0,0,0,0,0,25682,0,0,0,0,0,2140,2140
569.5,0,0,0,0,0,0,20614,0,0,0,0,0,1718,1718
570.5,0,0,0,0,0,0,16357,0,0,0,0,0,1363,1363
571.5,0,0,0,0,0,0,12831,0,0,0,0,0,1069,1069
572.5,0,0,0,0,0,0,9951,0,0,0,0,0,829,829
573.5,0,0,0,0,0,0,7630,0,0,0,0,0,636,636
574.5,0,0,0,0,0,0,5785,0,0,0,0,0,482,482
575.5,0,0,0,0,0,0,4337,0,0,0,0,0,361,361
576.5,0,0,0,0,0,0,3216,0,0,0,0,0,268,268
577.5,0,0,0,0,0,0,2358,0,0,0,0,0,197,197
578.5,0,0,0,0,0,0,1711,0,0,0,0,0,143,143
579.5,0,0,0,0,0,0,1228,0,0,0,0,0,102,102
580.5,0,0,0,0,0,0,872,0,0,0,0,0,73,73
581.5,0,0,0,0,0,0,612,0,0,0,0,0,51,51
582.5,0,0,0,0,0,0,426,0,0,0,0,0,35,35
583.5,0,0,0,0,0,0,293,0,0,0,0,0,24,24
584.5,0,0,0,0,0,0,200,0,0,0,0,0,17,17
585.5,0,0,0,0,0,0,135,0,0,0,0,0,11,11
586.5,0,0,0,0,0,0,90,0,0,0,0,0,8,8
587.5,0,0,0,0,0,0,60,0,0,0,0,0,5,5
588.5,0,0,0,0,0,0,39,0,0,0,0,0,3,3
589.5,0,0,0,0,0,0,25,0,0,0,0,0,2,2
590.5,0,0,0,0,0,0,16,0,0,0,0,0,1,1
591.5,0,0,0,0,0,0,10,0,0,0,0,0,0,0
592.5,0,0,0,0,0,0,7,0,0,0,0,0,0,0
593.5,0,0,0,0,0,0,4,0,0,0,0,0,0,0
594.5,0,0,0,0,0,0,3,0,0,0,0,0,0,0
595.5,0,0,0,0,0,0,2,0,0,0,0,0,0,0
596.5,0,0,0,0,0,0,0,0,0,0,0,0,0,0
597.5,0,0,0,0,0,0,0,0,0,0,0,0,0,0
598.5,0,0,0,0,0,0,0,0,0,0,0,0,0,0
599.5,0,0,0,0,0,0,0,0,0,0,0,0,0,0
600.5,0,0,0,0,0,0,0,0,0,0,0,0,0,0
601.5,0,0,0,0,0,0,0,0,0,0,0,0,0,0
602.5,0,0,0,0,0,0,0,0,0,0,0,0,0,0
603.5,0,0,0,0,0,0,0,0,0,0,0,0,0,0
604.5,0,0,0,0,0,0,0,0,0,0,0,0,0,0
605.5,0,0,0,0,0,0,0,0,0,0,0,0,0,0
606.5,0,0,0,0,0,0,0,0,0,0,0,0,0,0
607.5,0,0,0,0,0,0,0,0,0,0,0,0,0,0
608.5,0,0,0,0,0,0,0,0,0,0,0,0,0,0
609.5,0,0,0,0,0,0,0,0,0,0,0,0,0,0
610.5,0,0,0,0,0,0,0,0,0,0,0,0,0,0
611.5,0,0,0,0,0,0,0,0,0,0,0,0,0,0
612.5,0,0,0,0,0,0,0,0,0,0,0,0,0,0
613.5,0,0,0,0,0,0,0,0,0,0,0,0,0,0
614.5,0,0,0,0,0,0,0,0,0,0,0,0,0,0
615.5,0,0,0,0,0,0,0,0,0,0,0,0,0,0
616.5,0,0,0,0,0,0,0,0,0,0,0,0,0,0
617.5,0,0,0,0,0,0,0,0,0,0,0,0,0,0
618.5,0,0,0,0,0,0,0,0,0,0,0,0,0,0
619.5,0,0,0,0,0,0,0,0,0,0,0,0,0,0
620.5,0,0,0,0,0,0,0,0,0,0,0,0,0,0
621.5,0,0,0,0,0,0,0,0,0,0,0,0,0,0
622.5,0,0,0,0,0,0,0,0,0,0,0,0,0,0
623.5,0,0,0,0,0,0,0,0,0,0,0,0,0,0
624.5,0,0,0,0,0,0,0,0,0,0,0,0,0,0
625.5,0,0,0,0,0,0,0,0,0,0,0,0,0,0
626.5,0,0,0,0,0,0,0,0,0,0,0,0,0,0
627.5,0,0,0,0,0,0,0,0,0,0,0,0,0,0
628.5,0,0,0,0,0,0,0,0,0,0,0,0,0,0
629.5,0,0,0,0,0,0,0,0,0,0,0,0,0,0
630.5,0,0,0,0,0,0,0,0,0,0,0,0,0,0
631.5,0,0,0,0,0,0,0,0,0,0,0,0,0,0
632.5,0,0,0,0,0,0,0,0,0,0,0,0,0,0
633.5,0,0,0,0,0,0,0,0,0,0,0,0,0,0
634.5,0,0,0,0,0,0,0,0,0,0,0,0,0,0
635.5,0,0,0,0,0,0,0,0,0,0,0,0,0,0
636.5,0,0,0,0,0,0,0,0,0,0,0,0,0,0
637.5,0,0,0,0,0,0,0,0,0,0,0,0,0,0
638.5,0,0,0,0,0,0,0,0,0,0,0,0,0,0
639.5,0,0,0,0,0,0,0,0,0,0,0,0,0,0
640.5,0,0,0,0,0,0,0,0,0,0,0,0,0,0
641.5,0,0,0,0,0,0,0,0,0,0,0,0,0,0
642.5,0,0,0,0,0,0,0,0,0,0,0,0,0,0
643.5,0,0,0,0,0,0,0,0,0,0,0,0,0,0
644.5,0,0,0,0,0,0,0,0,0,0,0,0,0,0
645.5,0,0,0,0,0,0,0,0,0,0,0,0,0,0
646.5,0,0,0,0,0,0,0,0,0,0,0,0,0,0
647.5,0,0,0,0,0,0,0,0,0,0,0,0,0,0
648.5,0,0,0,0,0,0,0,0,0,0,0,0,0,0
649.5,0,0,0,0,0,0,0,0,0,0,0,0,0,0
650.5,0,0,0,0,0,0,0,0,0,0,0,0,0,0
651.5,0,0,0,0,0,0,0,0,0,0,0,0,0,0
652.5,0,0,0,0,0,0,0,0,0,0,0,0,0,0
653.5,0,0,0,0,0,0,0,0,0,0,0,0,0,0
654.5,0,0,0,0,0,0,0,0,0,0,0,0,0,0
655.5,0,0,0,0,0,0,0,0,0,0,0,0,0,0
656.5,0,0,0,0,0,0,0,0,0,0,0,0,0,0
657.5,0,0,0,0,0,0,0,0,0,0,0,0,0,0
658.5,0,0,0,0,0,0,0,0,0,0,0,0,0,0
659.5,0,0,0,0,0,0,0,0,0,0,0,0,0,0
660.5,0,0,0,0,0,0,0,0,0,0,0,0,0,0
661.5,0,0,0,0,0,0,0,0,0,0,0,0,0,0
662.5,0,0,0,0,0,0,0,0,0,0,0,0,0,0
663.5,0,0,0,0,0,0,0,0,0,0,0,0,0,0
664.5,0,0,0,0,0,0,0,0,0,0,0,0,0,0
665.5,0,0,0,0,0,0,0,0,0,0,0,0,0,0
666.5,0,0,0,0,0,0,0,0,0,0,0,0,0,0
667.5,0,0,0,0,0,0,0,0,0,0,0,0,0,0
668.5,0,0,0,0,0,0,0,0,0,0,0,0,0,0
669.5,0,0,0,0,0,0,0,0,0,0,0,0,0,0
670.5,0,0,0,0,0,0,0,0,0,0,0,0,0,0
671.5,0,0,0,0,0,0,0,0,0,0,0,0,0,0
672.5,0,0,0,0,0,0,0,0,0,0,0,0,0,0
673.5,0,0,0,0,0,0,0,0,0,0,0,0,0,0
674.5,0,0,0,0,0,0,0,0,0,0,0,0,0,0
675.5,0,0,0,0,0,0,0,0,0,0,0,0,0,0
676.5,0,0,0,0,0,0,0,0,0,0,0,0,0,0
677.5,0,0,0,0,0,0,0,0,0,0,0,0,0,0
678.5,0,0,0,0,0,0,0,0,0,0,0,0,0,0
679.5,0,0,0,0,0,0,0,0,0,0,0,0,0,0
680.5,0,0,0,0,0,0,0,0,0,0,0,0,0,0
681.5,0,0,0,0,0,0,0,0,0,0,0,0,0,0
682.5,0,0,0,0,0,0,0,0,0,0,0,0,0,0
683.5,0,0,0,0,0,0,0,0,0,0,0,0,0,0
684.5,0,0,0,0,0,0,0,0,0,0,0,0,0,0
685.5,0,0,0,0,0,0,0,0,0,0,0,0,0,0
686.5,0,0,0,0,0,0,0,0,0,0,0,0,0,0
687.5,0,0,0,0,0,0,0,0,0,0,0,0,0,0
688.5,0,0,0,0,0,0,0,0,0,0,0,0,0,0
689.5,0,0,0,0,0,0,0,0,0,0,0,0,0,0
690.5,0,0,0,0,0,0,0,0,0,0,0,0,0,0
691.5,0,0,0,0,0,0,0,0,0,0,0,0,0,0
692.5,0,0,0,0,0,0,0,0,0,0,0,0,0,0
693.5,0,0,0,0,0,0,0,0,0,0,0,0,0,0
694.5,0,0,0,0,0,0,0,0,0,0,0,0,0,0
695.5,0,0,0,0,0,0,0,0,0,0,0,0,0,0
696.5,0,0,0,0,0,0,0,0,0,0,0,0,0,0
697.5,0,0,0,0,0,0,0,0,0,0,0,0,0,0
698.5,0,0,0,0,0,0,0,0,0,0,0,0,0,0
699.5,0,0,0,0,0,0,0,0,0,0,0,0,0,0
700.5,0,0,0,0,0,0,0,0,0,0,0,0,0,0
701.5,0,0,0,0,0,0,0,0,0,0,0,0,0,0
702.5,0,0,0,0,0,0,0,0,0,0,0,0,0,0
703.5,0,0,0,0,0,0,0,0,0,0,0,0,0,0
704.5,0,0,0,0,0,0,0,0,0,0,0,0,0,0
705.5,0,0,0,0,0,0,0,0,0,0,0,0,0,0
706.5,0,0,0,0,0,0,0,0,0,0,0,0,0,0
707.5,0,0,0,0,0,0,0,0,0,0,0,0,0,0
708.5,0,0,0,0,0,0,0,0,0,0,0,0,0,0
709.5,0,0,0,0,0,0,0,0,0,0,0,0,0,0
710.5,0,0,0,0,0,0,0,0,0,0,0,0,0,0
711.5,0,0,0,0,0,0,0,0,0,0,0,0,0,0
712.5,0,0,0,0,0,0,0,0,0,0,0,0,0,0
713.5,0,0,0,0,0,0,0,0,0,0,0,0,0,0
714.5,0,0,0,0,0,0,0,0,0,0,0,0,0,0
715.5,0,0,0,0,0,0,0,0,0,0,0,0,0,0
716.5,0,0,0,0,0,0,0,0,0,0,0,0,0,0
717.5,0,0,0,0,0,0,0,0,0,0,0,0,0,0
718.5,0,0,0,0,0,0,0,0,0,0,0,0,0,0
719.5,0,0,0,0,0,0,0,0,0,0,0,0,0,0
720.5,0,0,0,0,0,0,0,0,0,0,0,0,0,0
721.5,0,0,0,0,0,0,0,0,0,0,0,0,0,0
722.5,0,0,0,0,0,0,0,0,0,0,0,0,0,0
723.5,0,0,0,0,0,0,0,0,0,0,0,0,0,0
724.5,0,0,0,0,0,0,0,0,0,0,0,0,0,0
725.5,0,0,0,0,0,0,0,0,0,0,0,0,0,0
726.5,0,0,0,0,0,0,0,0,0,0,0,0,0,0
727.5,0,0,0,0,0,0,0,0,0,0,0,0,0,0
728.5,0,0,0,0,0,0,0,0,0,0,0,0,0,0
729.5,0,0,0,0,0,0,0,0,0,0,0,0,0,0
730.5,0,0,0,0,0,0,0,0,0,0,0,0,0,0
731.5,0,0,0,0,0,0,0,0,0,0,0,0,0,0
732.5,0,0,0,0,0,0,0,0,0,0,0,0,0,0
733.5,0,0,0,0,0,0,0,0,0,0,0,0,0,0
734.5,0,0,0,0,0,0,0,0,0,0,0,0,0,0
735.5,0,0,0,0,0,0,0,0,0,0,0,0,0,0
736.5,0,0,0,0,0,0,0,0,0,0,0,0,0,0
737.5,0,0,0,0,0,0,0,0,0,0,0,0,0,0
738.5,0,0,0,0,0,0,0,0,0,0,0,0,0,0
739.5,0,0,0,0,0,0,0,0,0,0,0,0,0,0
740.5,0,0,0,0,0,0,0,0,0,0,0,0,0,0
741.5,0,0,0,0,0,0,0,0,0,0,0,0,0,0
742.5,0,0,0,0,0,0,0,0,0,0,0,0,0,0
743.5,0,0,0,0,0,0,0,0,0,0,0,0,0,0
744.5,0,0,0,0,0,0,0,0,0,0,0,0,0,0
745.5,0,0,0,0,0,0,0,0,0,0,0,0,0,0
746.5,0,0,0,0,0,0,1,0,0,0,0,0,0,0
747.5,0,0,0,0,0,0,2,0,0,0,0,0,0,0
748.5,0,0,0,0,0,0,3,0,0,0,0,0,0,0
749.5,0,0,0,0,0,0,4,0,0,0,0,0,0,0
750.5,0,0,0,0,0,0,6,0,0,0,0,0,0,0
751.5,0,0,0,0,0,0,9,0,0,0,0,0,0,0
752.5,0,0,0,0,0,0,12,0,0,0,0,0,1,1
753.5,0,0,0,0,0,0,18,0,0,0,0,0,1,1
754.5,0,0,0,0,0,0,25,0,0,0,0,0,2,2
755.5,0,0,0,0,0,0,36,0,0,0,0,0,3,3
756.5,0,0,0,0,0,0,50,0,0,0,0,0,4,4
757.5,0,0,0,0,0,0,70,0,0,0,0,0,6,6
758.5,0,0,0,0,0,0,97,0,0,0,0,0,8,8
759.5,0,0,0,0,0,0,134,0,0,0,0,0,11,11
760.5,0,0,0,0,0,0,183,0,0,0,0,0,15,15
761.5,0,0,0,0,0,0,249,0,0,0,0,0,21,21
762.5,0,0,0,0,0,0,336,0,0,0,0,0,28,28
763.5,0,0,0,0,0,0,449,0,0,0,0,0,37,37
764.5,0,0,0,0,0,0,597,0,0,0,0,0,50,50
765.5,0,0,0,0,0,0,787,0,0,0,0,0,66,66
766.5,0,0,0,0,0,0,1030,0,0,0,0,0,86,86
767.5,0,0,0,0,0,0,1338,0,0,0,0,0,111,111
768.5,0,0,0,0,0,0,1725,0,0,0,0,0,144,144
769.5,0,0,0,0,0,0,2207,0,0,0,0,0,184,184
770.5,0,0,0,0,0,0,2803,0,0,0,0,0,234,234
771.5,0,0,0,0,0,0,3533,0,0,0,0,0,294,294
772.5,0,0,0,0,0,0,4419,0,0,0,0,0,368,368
773.5,0,0,0,0,0,0,5485,0,0,0,0,0,457,457
774.5,0,0,0,0,0,0,6756,0,0,0,0,0,563,563
775.5,0,0,0,0,0,0,8257,0,0,0,0,0,688,688
776.5,0,0,0,0,0,0,10014,0,0,0,0,0,835,835
777.5,0,0,0,0,0,0,12052,0,0,0,0,0,1004,1004
778.5,0,0,0,0,0,0,14392,0,0,0,0,0,1199,1199
779.5,0,0,0,0,0,0,17053,0,0,0,0,0,1421,1421
780.5,0,0,0,0,0,0,20051,0,0,0,0,0,1671,1671
781.5,0,0,0,0,0,0,23393,0,0,0,0,0,1949,1949
782.5,0,0,0,0,0,0,27082,0,0,0,0,0,2257,2257
783.5,0,0,0,0,0,0,31110,0,0,0,0,0,2592,2592
784.5,0,0,0,0,0,0,35461,0,0,0,0,0,2955,2955
785.5,0,0,0,0,0,0,40109,0,0,0,0,0,3342,3342
786.5,0,0,0,0,0,0,45018,0,0,0,0,0,3751,3751
787.5,0,0,0,0,0,0,50138,0,0,0,0,0,4178,4178
788.5,0,0,0,0,0,0,55413,0,0,0,0,0,4618,4618
789.5,0,0,0,0,0,0,60775,0,0,0,0,0,5065,5065
790.5,0,0,0,0,0,0,66146,0,0,0,0,0,5512,5512
791.5,0,0,0,0,0,0,71444,0,0,0,0,0,5954,5954
792.5,0,0,0,0,0,0,76581,0,0,0,0,0,6382,6382
793.5,0,0,0,0,0,0,81467,0,0,0,0,0,6789,6789
794.5,0,0,0,0,0,0,86012,0,0,0,0,0,7168,7168
795.5,0,0,0,0,0,0,90128,0,0,0,0,0,7511,7511
796.5,0,0,0,0,0,0,93736,0,0,0,0,0,7811,7811
797.5,0,0,0,0,0,0,96764,0,0,0,0,0,8064,8064
798.5,0,0,0,0,0,0,99149,0,0,0,0,0,8262,8262
799.5,0,0,0,0,0,0,100844,0,0,0,0,0,8404,8404
800.5,0,0,0,0,0,0,101816,0,0,0,0,0,8485,8485
801.5,0,0,0,0,0,0,102048,0,0,0,0,0,8504,8504
802.5,0,0,0,0,0,0,101539,0,0,0,0,0,8462,8462
803.5,0,0,0,0,0,0,100304,0,0,0,0,0,8359,8359
804.5,0,0,0,0,0,0,98374,0,0,0,0,0,8198,8198
805.5,0,0,0,0,0,0,95795,0,0,0,0,0,7983,7983
806.5,0,0,0,0,0,0,92622,0,0,0,0,0,7719,7719
807.5,0,0,0,0,0,0,88926,0,0,0,0,0,7411,7411
808.5,0,0,0,0,0,0,84782,0,0,0,0,0,7065,7065
809.5,0,0,0,0,0,0,80270,0,0,0,0,0,6689,6689
810.5,0,0,0,0,0,0,75477,0,0,0,0,0,6290,6290
811.5,0,0,0,0,0,0,70485,0,0,0,0,0,5874,5874
812.5,0,0,0,0,0,0,65378,0,0,0,0,0,5448,5448
813.5,0,0,0,0,0,0,60234,0,0,0,0,0,5019,5019
814.5,0,0,0,0,0,0,55124,0,0,0,0,0,4594,4594
815.5,0,0,0,0,0,0,50116,0,0,0,0,0,4176,4176
816.5,0,0,0,0,0,0,45264,0,0,0,0,0,3772,3772
817.5,0,0,0,0,0,0,40617,0,0,0,0,0,3385,3385
818.5,0,0,0,0,0,0,36212,0,0,0,0,0,3018,3018
819.5,0,0,0,0,0,0,32080,0,0,0,0,0,2673,2673
820.5,0,0,0,0,0,0,28240,0,0,0,0,0,2353,2353
821.5,0,0,0,0,0,0,24705,0,0,0,0,0,2059,2059
822.5,0,0,0,0,0,0,21478,0,0,0,0,0,1790,1790
823.5,0,0,0,0,0,0,18559,0,0,0,0,0,1547,1547
824.5,0,0,0,0,0,0,15940,0,0,0,0,0,1328,1328
825.5,0,0,0,0,0,0,13608,0,0,0,0,0,1134,1134
826.5,0,0,0,0,0,0,11549,0,0,0,0,0,962,962
827.5,0,0,0,0,0,0,9744,0,0,0,0,0,812,812
828.5,0,0,0,0,0,0,8173,0,0,0,0,0,681,681
829.5,0,0,0,0,0,0,6816,0,0,0,0,0,568,568
830.5,0,0,0,0,0,0,5653,0,0,0,0,0,471,471
831.5,0,0,0,0,0,0,4662,0,0,0,0,0,388,388
832.5,0,0,0,0,0,0,3823,0,0,0,0,0,319,319
833.5,0,0,0,0,0,0,3118,0,0,0,0,0,260,260
834.5,0,0,0,0,0,0,2530,0,0,0,0,0,211,211
835.5,0,0,0,0,0,0,2042,0,0,0,0,0,170,170
836.5,0,0,0,0,0,0,1639,0,0,0,0,0,137,137
837.5,0,0,0,0,0,0,1309,0,0,0,0,0,109,109
838.5,0,0,0,0,0,0,1040,0,0,0,0,0,87,87
839.5,0,0,0,0,0,0,822,0,0,0,0,0,69,69
840.5,0,0,0,0,0,0,647,0,0,0,0,0,54,54
841.5,0,0,0,0,0,0,506,0,0,0,0,0,42,42
842.5,0,0,0,0,0,0,394,0,0,0,0,0,33,33
843.5,0,0,0,0,0,0,306,0,0,0,0,0,25,25
844.5,0,0,0,0,0,0,236,0,0,0,0,0,20,20
845.5,0,0,0,0,0,0,181,0,0,0,0,0,15,15
846.5,0,0,0,0,0,0,139,0,0,0,0,0,12,12
847.5,0,0,0,0,0,0,106,0,0,0,0,0,9,9
848.5,0,0,0,0,0,0,80,0,0,0,0,0,7,7
849.5,0,0,0,0,0,0,60,0,0,0,0,0,5,5
850.5,0,0,0,0,0,0,45,0,0,0,0,0,4,4
851.5,0,0,0,0,0,0,34,0,0,0,0,0,3,3
852.5,0,0,0,0,0,0,25,0,0,0,0,0,2,2
853.5,0,0,0,0,0,0,19,0,0,0,0,0,2,2
854.5,0,0,0,0,0,0,14,0,0,0,0,0,1,1
855.5,0,0,0,0,0,0,10,0,0,0,0,0,0,0
856.5,0,0,0,0,0,0,8,0,0,0,0,0,0,0
857.5,0,0,0,0,0,0,5,0,0,0,0,0,0,0
858.5,0,0,0,0,0,0,4,0,0,0,0,0,0,0
859.5,0,0,0,0,0,0,3,0,0,0,0,0,0,0
860.5,0,0,0,0,0,0,2,0,0,0,0,0,0,0
861.5,0,0,0,0,0,0,2,0,0,0,0,0,0,0
862.5,0,0,0,0,0,0,1,0,0,0,0,0,0,0
863.5,0,0,0,0,0,0,0,0,0,0,0,0,0,0
864.5,0,0,0,0,0,0,0,0,0,0,0,0,0,0
865.5,0,0,0,0,0,0,0,0,0,0,0,0,0,0
866.5,0,0,0,0,0,0,0,0,0,0,0,0,0,0
867.5,0,0,0,0,0,0,0,0,0,0,0,0,0,0
868.5,0,0,0,0,0,0,0,0,0,0,0,0,0,0
869.5,0,0,0,0,0,0,0,0,0,0,0,0,0,0
870.5,0,0,0,0,0,0,0,0,0,0,0,0,0,0
871.5,0,0,0,0,0,0,0,0,0,0,0,0,0,0
872.5,0,0,0,0,0,0,0,0,0,0,0,0,0,0
873.5,0,0,0,0,0,0,0,0,0,0,0,0,0,0
874.5,0,0,0,0,0,0,0,0,0,0,0,0,0,0
875.5,0,0,0,0,0,0,0,0,0,0,0,0,0,0
876.5,0,0,0,0,0,0,0,0,0,0,0,0,0,0
877.5,0,0,0,0,0,0,0,0,0,0,0,0,0,0
878.5,0,0,0,0,0,0,0,0,0,0,0,0,0,0
879.5,0,0,0,0,0,0,0,0,0,0,0,0,0,0
880.5,0,0,0,0,0,0,0,0,0,0,0,0,0,0
881.5,0,0,0,0,0,0,0,0,0,0,0,0,0,0
882.5,0,0,0,0,0,0,0,0,0,0,0,0,0,0
883.5,0,0,0,0,0,0,0,0,0,0,0,0,0,0
884.5,0,0,0,0,0,0,0,0,0,0,0,0,0,0
885.5,0,0,0,0,0,0,0,0,0,0,0,0,0,0
886.5,0,0,0,0,0,0,0,0,0,0,0,0,0,0
887.5,0,0,0,0,0,0,0,0,0,0,0,0,0,0
888.5,0,0,0,0,0,0,0,0,0,0,0,0,0,0
889.5,0,0,0,0,0,0,0,0,0,0,0,0,0,0
890.5,0,0,0,0,0,0,0,0,0,0,0,0,0,0
891.5,0,0,0,0,0,0,0,0,0,0,0,0,0,0
892.5,0,0,0,0,0,0,0,0,0,0,0,0,0,0
893.5,0,0,0,0,0,0,0,0,0,0,0,0,0,0
894.5,0,0,0,0,0,0,0,0,0,0,0,0,0,0
895.5,0,0,0,0,0,0,0,0,0,0,0,0,0,0
896.5,0,0,0,0,0,0,0,0,0,0,0,0,0,0
897.5,0,0,0,0,0,0,0,0,0,0,0,0,0,0
898.5,0,0,0,0,0,0,0,0,0,0,0,0,0,0
899.5,0,0,0,0,0,0,0,0,0,0,0,0,0,0
900.5,0,0,0,0,0,0,0,0,0,0,0,0,0,0
901.5,0,0,0,0,0,0,0,0,0,0,0,0,0,0
902.5,0,0,0,0,0,0,0,0,0,0,0,0,0,0
903.5,0,0,0,0,0,0,0,0,0,0,0,0,0,0
904.5,0,0,0,0,0,0,0,0,0,0,0,0,0,0
905.5,0,0,0,0,0,0,0,0,0,0,0,0,0,0
906.5,0,0,0,0,0,0,0,0,0,0,0,0,0,0
907.5,0,0,0,0,0,0,0,0,0,0,0,0,0,0
908.5,0,0,0,0,0,0,0,0,0,0,0,0,0,0
909.5,0,0,0,0,0,0,0,0,0,0,0,0,0,0
910.5,0,0,0,0,0,0,0,0,0,0,0,0,0,0
911.5,0,0,0,0,0,0,0,0,0,0,0,0,0,0
912.5,0,0,0,0,0,0,0,0,0,0,0,0,0,0
913.5,0,0,0,0,0,0,0,0,0,0,0,0,0,0
914.5,0,0,0,0,0,0,0,0,0,0,0,0,0,0
915.5,0,0,0,0,0,0,0,0,0,0,0,0,0,0
916.5,0,0,0,0,0,0,0,0,0,0,0,0,0,0
917.5,0,0,0,0,0,0,0,0,0,0,0,0,0,0
918.5,0,0,0,0,0,0,0,0,0,0,0,0,0,0
919.5,0,0,0,0,0,0,0,0,0,0,0,0,0,0
920.5,0,0,0,0,0,0,0,0,0,0,0,0,0,0
921.5,0,0,0,0,0,0,0,0,0,0,0,0,0,0
922.5,0,0,0,0,0,0,0,0,0,0,0,0,0,0
923.5,0,0,0,0,0,0,0,0,0,0,0,0,0,0
924.5,0,0,0,0,0,0,0,0,0,0,0,0,0,0
925.5,0,0,0,0,0,0,0,0,0,0,0,0,0,0
926.5,0,0,0,0,0,0,0,0,0,0,0,0,0,0
927.5,0,0,0,0,0,0,0,0,0,0,0,0,0,0
928.5,0,0,0,0,0,0,0,0,0,0,0,0,0,0
929.5,0,0,0,0,0,0,0,0,0,0,0,0,0,0
930.5,0,0,0,0,0,0,0,0,0,0,0,0,0,0
931.5,0,0,0,0,0,0,0,0,0,0,0,0,0,0
932.5,0,0,0,0,0,0,0,0,0,0,0,0,0,0
933.5,0,0,0,0,0,0,0,0,0,0,0,0,0,0
934.5,0,0,0,0,0,0,0,0,0,0,0,0,0,0
935.5,0,0,0,0,0,0,0,0,0,0,0,0,0,0
936.5,0,0,0,0,0,0,0,0,0,0,0,0,0,0
937.5,0,0,0,0,0,0,0,0,0,0,0,0,0,0
938.5,0,0,0,0,0,0,0,0,0,0,0,0,0,0
939.5,0,0,0,0,0,0,0,0,0,0,0,0,0,0
940.5,0,0,0,0,0,0,0,0,0,0,0,0,0,0
941.5,0,0,0,0,0,0,0,0,0,0,0,0,0,0
942.5,0,0,0,0,0,0,0,0,0,0,0,0,0,0
943.5,0,0,0,0,0,0,0,0,0,0,0,0,0,0
944.5,0,0,0,0,0,0,0,0,0,0,0,0,0,0
945.5,0,0,0,0,0,0,0,0,0,0,0,0,0,0
946.5,0,0,0,0,0,0,0,0,0,0,0,0,0,0
947.5,0,0,0,0,0,0,0,0,0,0,0,0,0,0
948.5,0,0,0,0,0,0,0,0,0,0,0,0,0,0
949.5,0,0,0,0,0,0,0,0,0,0,0,0,0,0
950.5,0,0,0,0,0,0,0,0,0,0,0,0,0,0
951.5,0,0,0,0,0,0,0,0,0,0,0,0,0,0
952.5,0,0,0,0,0,0,0,0,0,0,0,0,0,0
953.5,0,0,0,0,0,0,0,0,0,0,0,0,0,0
954.5,0,0,0,0,0,0,0,0,0,0,0,0,0,0
955.5,0,0,0,0,0,0,0,0,0,0,0,0,0,0
956.5,0,0,0,0,0,0,0,0,0,0,0,0,0,0
957.5,0,0,0,0,0,0,0,0,0,0,0,0,0,0
958.5,0,0,0,0,0,0,0,0,0,0,0,0,0,0
959.5,0,0,0,0,0,0,0,0,0,0,0,0,0,0
960.5,0,0,0,0,0,0,0,0,0,0,0,0,0,0
961.5,0,0,0,0,0,0,0,0,0,0,0,0,0,0
962.5,0,0,0,0,0,0,0,0,0,0,0,0,0,0
963.5,0,0,0,0,0,0,0,0,0,0,0,0,0,0
964.5,0,0,0,0,0,0,0,0,0,0,0,0,0,0
965.5,0,0,0,0,0,0,0,0,0,0,0,0,0,0
966.5,0,0,0,0,0,0,0,0,0,0,0,0,0,0
967.5,0,0,0,0,0,0,0,0,0,0,0,0,0,0
968.5,0,0,0,0,0,0,0,0,0,0,0,0,0,0
969.5,0,0,0,0,0,0,0,0,0,0,0,0,0,0
970.5,0,0,0,0,0,0,0,0,0,0,0,0,0,0
971.5,0,0,0,0,0,0,0,0,0,0,0,0,0,0
972.5,0,0,0,0,0,0,0,0,0,0,0,0,0,0
973.5,0,0,0,0,0,0,0,0,0,0,0,0,0,0
974.5,0,0,0,0,0,0,0,0,0,0,0,0,0,0
975.5,0,0,0,0,0,0,0,0,0,0,0,0,0,0
976.5,0,0,0,0,0,0,0,0,0,0,0,0,0,0
977.5,0,0,0,0,0,0,0,0,0,0,0,0,0,0
978.5,0,0,0,0,0,0,0,0,0,0,0,0,0,0
979.5,0,0,0,0,0,0,0,0,0,0,0,0,0,0
980.5,0,0,0,0,0,0,0,0,0,0,0,0,0,0
981.5,0,0,0,0,0,0,0,0,0,0,0,0,0,0
982.5,0,0,0,0,0,0,0,0,0,0,0,0,0,0
983.5,0,0,0,0,0,0,0,0,0,0,0,0,0,0
984.5,0,0,0,0,0,0,0,0,0,0,0,0,0,0
985.5,0,0,0,0,0,0,0,0,0,0,0,0,0,0
986.5,0,0,0,0,0,0,0,0,0,0,0,0,0,0
987.5,0,0,0,0,0,0,0,0,0,0,0,0,0,0
988.5,0,0,0,0,0,0,0,0,0,0,0,0,0,0
989.5,0,0,0,0,0,0,0,0,0,0,0,0,0,0
990.5,0,0,0,0,0,0,0,0,0,0,0,0,0,0
991.5,0,0,0,0,0,0,0,0,0,0,0,0,0,0
992.5,0,0,0,0,0,0,0,0,0,0,0,0,0,0
993.5,0,0,0,0,0,0,0,0,0,0,0,0,0,0
994.5,0,0,0,0,0,0,0,0,0,0,0,0,0,0
995.5,0,0,0,0,0,0,0,0,0,0,0,0,0,0
996.5,0,0,0,0,0,0,0,0,0,0,0,0,0,0
997.5,0,0,0,0,0,0,0,0,0,0,0,0,0,0
998.5,0,0,0,0,0,0,0,0,0,0,0,0,0,0
999.5,0,0,0,0,0,0,0,0,0,0,0,0,0,0
,,,,,,,,,,,,,,
Percentile,Size (nm),Size (nm),Size (nm),Size (nm),Size (nm),Size (nm),Size (nm),Size (nm),Size (nm),Size (nm),Size (nm),Size (nm),,
0,2,3,1,1,2,3,3,4,4,1,2,2,,
1,80.7,81.9,78.2,62.6,57.4,71.2,77.6,81.8,80,69.7,76.3,77.2,,
2,82.2,83.2,80.6,66.5,68.9,74.5,79.5,83.2,81.5,72.9,78.6,78.7,,
3,83.2,84.1,82.1,69.3,73.8,76.4,80.8,84.2,82.5,74.9,80.1,79.8,,
4,84,84.7,83.2,71.5,76.3,77.8,81.8,84.9,83.4,76.4,81.3,80.6,,
5,84.6,85.3,84.1,73.3,77.9,78.9,82.6,85.5,84.1,77.6,82.2,81.3,,
6,85.2,85.7,84.8,74.8,79.1,79.8,83.3,86,84.7,78.7,82.9,81.9,,
7,85.6,86.1,85.4,76.2,80.1,80.6,84,86.5,85.3,79.6,83.6,82.4,,
8,86.1,86.5,86,77.3,80.9,81.3,84.5,86.9,85.8,80.4,84.2,82.9,,
9,86.5,86.9,86.5,78.3,81.6,81.9,85.1,87.3,86.3,81.1,84.8,83.4,,
10,86.9,87.2,87,79.2,82.2,82.5,85.6,87.7,86.8,81.8,85.3,83.8,,
11,87.2,87.5,87.4,80,82.8,83,86,88,87.2,82.4,85.7,84.2,,
12,87.5,87.7,87.9,80.8,83.4,83.5,86.5,88.4,87.6,83,86.2,84.6,,
13,87.9,88,88.2,81.4,83.9,84,86.9,88.7,88,83.5,86.6,85,,
14,88.2,88.3,88.6,82.1,84.3,84.4,87.3,89,88.4,84.1,87,85.4,,
15,88.4,88.5,89,82.7,84.8,84.9,87.7,89.3,88.8,84.6,87.3,85.7,,
16,88.7,88.7,89.3,83.2,85.2,85.3,88.1,89.6,89.2,85,87.7,86,,
17,89,89,89.6,83.7,85.6,85.7,88.4,89.9,89.5,85.5,88,86.4,,
18,89.3,89.2,89.9,84.2,85.9,86,88.8,90.2,89.9,85.9,88.3,86.7,,
19,89.5,89.4,90.2,84.7,86.3,86.4,89.1,90.4,90.2,86.3,88.6,87,,
20,89.8,89.6,90.4,85.2,86.6,86.8,89.5,90.7,90.5,86.7,89,87.3,,
21,90,89.8,90.7,85.6,87,87.1,89.8,91,90.8,87.1,89.2,87.6,,
22,90.2,90,91,86,87.3,87.4,90.1,91.2,91.2,87.5,89.5,87.9,,
23,90.5,90.2,91.2,86.4,87.6,87.8,90.4,91.5,91.5,87.9,89.8,88.2,,
24,90.7,90.4,91.5,86.8,88,88.1,90.7,91.7,91.8,88.3,90.1,88.5,,
25,90.9,90.6,91.7,87.2,88.3,88.4,91,92,92.1,88.6,90.4,88.8,,
26,91.1,90.8,92,87.5,88.6,88.7,91.3,92.2,92.4,89,90.6,89.1,,
27,91.4,91,92.2,87.9,88.9,89,91.6,92.5,92.7,89.3,90.9,89.4,,
28,91.6,91.1,92.4,88.3,89.1,89.3,91.9,92.7,92.9,89.7,91.1,89.6,,
29,91.8,91.3,92.7,88.6,89.4,89.6,92.2,93,93.2,90,91.4,89.9,,
30,92,91.5,92.9,88.9,89.7,89.9,92.5,93.2,93.5,90.3,91.6,90.2,,
31,92.2,91.7,93.1,89.2,90,90.2,92.8,93.4,93.8,90.7,91.9,90.5,,
32,92.4,91.8,93.3,89.6,90.3,90.5,93.1,93.7,94.1,91,92.1,90.8,,
33,92.6,92,93.5,89.9,90.5,90.7,93.3,93.9,94.3,91.3,92.3,91.1,,
34,92.8,92.2,93.8,90.2,90.8,91,93.6,94.2,94.6,91.6,92.6,91.3,,
35,93,92.4,94,90.5,91.1,91.3,93.9,94.4,94.9,91.9,92.8,91.6,,
36,93.2,92.5,94.2,90.8,91.3,91.6,94.2,94.7,95.1,92.2,93,91.9,,
37,93.4,92.7,94.4,91.1,91.6,91.8,94.4,94.9,95.4,92.5,93.2,92.2,,
38,93.6,92.9,94.6,91.4,91.9,92.1,94.7,95.1,95.6,92.8,93.5,92.5,,
39,93.8,93,94.8,91.7,92.1,92.4,95,95.4,95.9,93.1,93.7,92.7,,
40,94,93.2,95,91.9,92.4,92.7,95.2,95.6,96.2,93.4,93.9,93,,
41,94.2,93.4,95.2,92.2,92.7,92.9,95.5,95.9,96.4,93.8,94.1,93.3,,
42,94.4,93.6,95.4,92.5,92.9,93.2,95.8,96.1,96.7,94.1,94.3,93.6,,
43,94.6,93.7,95.6,92.8,93.2,93.5,96.1,96.4,96.9,94.4,94.6,93.9,,
44,94.8,93.9,95.8,93.1,93.5,93.7,96.3,96.6,97.2,94.7,94.8,94.2,,
45,95,94.1,96,93.3,93.7,94,96.6,96.9,97.4,95,95,94.5,,
46,95.2,94.3,96.2,93.6,94,94.3,96.9,97.2,97.7,95.3,95.2,94.7,,
47,95.4,94.4,96.4,93.9,94.3,94.5,97.2,97.4,97.9,95.6,95.4,95,,
48,95.6,94.6,96.6,94.2,94.5,94.8,97.4,97.7,98.2,95.9,95.7,95.3,,
49,95.8,94.8,96.8,94.4,94.8,95.1,97.7,98,98.5,96.2,95.9,95.6,,
50,96,95,97,94.7,95.1,95.3,98,98.2,98.7,96.5,96.1,95.9,,
51,96.2,95.1,97.2,95,95.4,95.6,98.3,98.5,99,96.8,96.3,96.2,,
52,96.4,95.3,97.4,95.3,95.6,95.9,98.6,98.8,99.2,97.1,96.5,96.5,,
53,96.6,95.5,97.6,95.5,95.9,96.1,98.8,99.1,99.5,97.4,96.8,96.9,,
54,96.8,95.7,97.8,95.8,96.2,96.4,99.1,99.4,99.7,97.7,97,97.2,,
55,97,95.9,98,96.1,96.5,96.7,99.4,99.6,100,98,97.2,97.5,,
56,97.2,96.1,98.2,96.4,96.8,97,99.7,99.9,100.3,98.4,97.4,97.8,,
57,97.5,96.3,98.4,96.7,97.1,97.3,100,100.2,100.5,98.7,97.7,98.1,,
58,97.7,96.5,98.6,96.9,97.4,97.5,100.3,100.6,100.8,99,97.9,98.5,,
59,97.9,96.7,98.8,97.2,97.7,97.8,100.6,100.9,101.1,99.3,98.1,98.8,,
60,98.1,96.9,99.1,97.5,98,98.1,100.9,101.2,101.3,99.7,98.4,99.1,,
61,98.3,97.1,99.3,97.8,98.3,98.4,101.3,101.5,101.6,100,98.6,99.5,,
62,98.6,97.3,99.5,98.1,98.6,98.7,101.6,101.8,101.9,100.4,98.8,99.8,,
63,98.8,97.5,99.7,98.4,99,99,101.9,102.2,102.2,100.7,99.1,100.2,,
64,99,97.7,99.9,98.7,99.3,99.3,102.2,102.5,102.5,101.1,99.3,100.5,,
65,99.3,98,100.2,99,99.6,99.6,102.6,102.9,102.8,101.5,99.6,100.9,,
66,99.5,98.2,100.4,99.4,100,99.9,102.9,103.2,103,101.9,99.8,101.2,,
67,99.7,98.4,100.7,99.7,100.4,100.3,103.3,103.6,103.4,102.2,100.1,101.6,,
68,100,98.7,100.9,100,100.7,100.6,103.6,104,103.7,102.7,100.4,102,,
69,100.3,98.9,101.2,100.3,101.1,100.9,104,104.4,104,103.1,100.7,102.4,,
70,100.5,99.2,101.4,100.7,101.5,101.3,104.4,104.7,104.3,103.5,100.9,102.8,,
71,100.8,99.5,101.7,101,101.9,101.6,104.8,105.2,104.6,103.9,101.2,103.2,,
72,101,99.7,101.9,101.4,102.3,101.9,105.2,105.6,105,104.4,101.5,103.6,,
73,101.3,100,102.2,101.7,102.7,102.3,105.6,106,105.3,104.9,101.8,104,,
74,101.6,100.3,102.5,102.1,103.1,102.7,106.1,106.5,105.7,105.4,102.1,104.4,,
75,101.9,100.7,102.8,102.5,103.6,103.1,106.5,106.9,106.1,105.9,102.5,104.8,,
76,102.2,101,103.1,102.9,104,103.5,107,107.4,106.5,106.4,102.8,105.2,,
77,102.6,101.3,103.4,103.3,104.5,103.9,107.5,107.9,106.9,107,103.1,105.7,,
78,102.9,101.7,103.7,103.8,105,104.3,108,108.4,107.3,107.6,103.5,106.1,,
79,103.2,102.1,104.1,104.2,105.5,104.7,108.5,109,107.8,108.2,103.9,106.6,,
80,103.6,102.5,104.4,104.7,106.1,105.2,109.1,109.5,108.3,108.9,104.3,107.1,,
81,104,102.9,104.8,105.2,106.6,105.6,109.7,110.1,108.8,109.6,104.7,107.6,,
82,104.4,103.4,105.2,105.7,107.2,106.1,110.3,110.8,109.3,110.4,105.1,108.1,,
83,104.8,103.9,105.6,106.3,107.8,106.6,111,111.5,109.9,111.2,105.6,108.6,,
84,105.2,104.4,106,106.8,108.4,107.1,111.8,112.2,110.5,112,106.1,109.1,,
85,105.7,105,106.5,107.5,109.1,107.7,112.6,113,111.2,113,106.6,109.7,,
86,106.2,105.6,107,108.1,109.8,108.3,113.5,113.8,111.9,114,107.2,110.2,,
87,106.8,106.3,107.6,108.9,110.6,108.9,114.6,114.8,112.8,115.1,107.8,110.8,,
88,107.4,107.1,108.1,109.7,111.4,109.6,115.8,115.9,113.8,116.3,108.5,111.5,,
89,108.1,108,108.8,110.5,112.2,110.3,117.3,117.2,114.9,117.6,109.3,112.1,,
90,108.8,109,109.5,111.5,113.1,111.1,119.4,118.9,116.2,118.9,110.1,112.8,,
91,109.7,110.1,110.2,112.6,114.1,112,122.9,121,117.9,120.4,111.1,113.6,,
92,110.8,111.4,111.1,113.9,115.2,113,133.8,124.5,120.3,121.9,112.3,114.4,,
93,112,113,112.1,115.4,116.4,114.1,149.1,135,123.8,123.5,113.8,115.3,,
94,113.7,114.8,113.2,117.2,117.7,115.4,155.8,165.4,131.1,125.1,115.6,116.2,,
95,116,116.9,114.6,119.5,119.2,117,164.1,171.8,146.5,126.9,118.1,117.4,,
96,119.8,119.4,116.3,122.5,121,119,210.2,176.2,154.1,128.7,121.7,118.7,,
97,126.5,122.4,118.5,126.8,123.1,122,236.9,180.6,159,130.8,127.2,120.5,,
98,135,126.1,121.7,132.8,125.9,127.6,249.5,187.2,218.8,133.2,135.5,123,,
99,142.8,131.1,127.8,141.6,130.1,151.8,270.3,312.8,227.8,136.6,147.4,129.4,,
100,543,609,584,690,632,609,999,601,888,665,597,786,,
